Tot_Match_NotOut,Tot_Match_Played,batsman,out_over_1,out_over_10,out_over_11,out_over_12,out_over_13,out_over_14,out_over_15,out_over_16,out_over_17,out_over_18,out_over_19,out_over_2,out_over_20,out_over_3,out_over_4,out_over_5,out_over_6,out_over_7,out_over_8,out_over_9
17.0,114.0,DA Warner,9.0,9.0,2.0,3.0,5.0,3.0,3.0,4.0,4.0,3.0,3.0,12.0,1.0,5.0,11.0,6.0,6.0,5.0,3.0,5.0
19.0,126.0,S Dhawan,3.0,1.0,4.0,9.0,7.0,2.0,4.0,2.0,1.0,2.0,5.0,13.0,1.0,10.0,9.0,10.0,5.0,12.0,1.0,7.0
15.0,50.0,MC Henriques,0.0,7.0,4.0,1.0,1.0,4.0,1.0,3.0,3.0,3.0,2.0,0.0,2.0,1.0,0.0,1.0,1.0,0.0,0.0,1.0
17.0,116.0,Yuvraj Singh,0.0,8.0,6.0,5.0,4.0,9.0,11.0,8.0,9.0,5.0,10.0,0.0,7.0,2.0,2.0,4.0,3.0,2.0,0.0,5.0
7.0,30.0,DJ Hooda,0.0,1.0,1.0,3.0,0.0,2.0,3.0,3.0,2.0,2.0,3.0,0.0,2.0,0.0,0.0,0.0,0.0,0.0,1.0,0.0
3.0,8.0,BCJ Cutting,0.0,0.0,0.0,0.0,1.0,0.0,0.0,0.0,1.0,3.0,0.0,0.0,0.0,0.0,0.0,0.0,0.0,0.0,0.0,0.0
12.0,100.0,CH Gayle,6.0,2.0,4.0,3.0,1.0,3.0,2.0,3.0,4.0,1.0,2.0,9.0,2.0,11.0,12.0,5.0,6.0,6.0,3.0,5.0
4.0,58.0,Mandeep Singh,2.0,4.0,1.0,5.0,0.0,1.0,0.0,5.0,1.0,2.0,3.0,8.0,1.0,2.0,3.0,4.0,6.0,2.0,3.0,4.0
4.0,10.0,TM Head,0.0,0.0,1.0,0.0,1.0,0.0,0.0,0.0,0.0,0.0,0.0,1.0,2.0,0.0,0.0,1.0,0.0,0.0,0.0,0.0
20.0,57.0,KM Jadhav,0.0,0.0,0.0,2.0,1.0,3.0,4.0,2.0,5.0,5.0,1.0,0.0,5.0,0.0,1.0,2.0,1.0,0.0,3.0,2.0
15.0,98.0,SR Watson,2.0,5.0,5.0,7.0,3.0,6.0,4.0,6.0,6.0,3.0,2.0,2.0,2.0,3.0,2.0,4.0,4.0,8.0,3.0,8.0
1.0,10.0,Sachin Baby,0.0,0.0,0.0,0.0,0.0,1.0,0.0,1.0,0.0,1.0,2.0,0.0,2.0,0.0,0.0,0.0,1.0,0.0,0.0,1.0
19.0,56.0,STR Binny,0.0,4.0,6.0,2.0,2.0,1.0,2.0,2.0,2.0,4.0,2.0,0.0,6.0,0.0,0.0,0.0,0.0,1.0,1.0,2.0
7.0,10.0,S Aravind,0.0,0.0,0.0,0.0,0.0,1.0,0.0,0.0,0.0,1.0,0.0,0.0,1.0,0.0,0.0,0.0,0.0,0.0,0.0,0.0
6.0,8.0,YS Chahal,0.0,1.0,0.0,0.0,0.0,0.0,0.0,0.0,0.0,0.0,0.0,0.0,1.0,0.0,0.0,0.0,0.0,0.0,0.0,0.0
0.0,3.0,TS Mills,0.0,1.0,0.0,0.0,0.0,0.0,0.0,0.0,0.0,0.0,1.0,0.0,1.0,0.0,0.0,0.0,0.0,0.0,0.0,0.0
1.0,3.0,A Choudhary,0.0,0.0,0.0,0.0,0.0,0.0,0.0,0.0,0.0,0.0,1.0,0.0,1.0,0.0,0.0,0.0,0.0,0.0,0.0,0.0
14.0,116.0,PA Patel,14.0,2.0,4.0,3.0,5.0,2.0,2.0,1.0,0.0,1.0,2.0,11.0,1.0,7.0,10.0,10.0,13.0,4.0,3.0,12.0
4.0,24.0,JC Buttler,1.0,0.0,1.0,1.0,1.0,3.0,1.0,1.0,0.0,1.0,1.0,1.0,0.0,0.0,2.0,2.0,0.0,1.0,1.0,2.0
24.0,153.0,RG Sharma,2.0,8.0,8.0,8.0,8.0,5.0,6.0,10.0,8.0,13.0,10.0,7.0,11.0,1.0,6.0,3.0,2.0,7.0,2.0,10.0
1.0,15.0,N Rana,0.0,3.0,1.0,0.0,2.0,0.0,0.0,1.0,1.0,1.0,1.0,0.0,0.0,0.0,0.0,1.0,1.0,0.0,3.0,0.0
20.0,105.0,AT Rayudu,0.0,1.0,6.0,8.0,2.0,3.0,5.0,11.0,8.0,7.0,7.0,2.0,6.0,2.0,3.0,0.0,4.0,3.0,4.0,6.0
7.0,19.0,KH Pandya,0.0,0.0,0.0,0.0,2.0,2.0,1.0,0.0,1.0,2.0,0.0,0.0,1.0,0.0,0.0,2.0,0.0,0.0,0.0,1.0
31.0,112.0,KA Pollard,1.0,3.0,3.0,1.0,4.0,4.0,3.0,7.0,9.0,18.0,12.0,0.0,14.0,0.0,0.0,1.0,0.0,0.0,3.0,2.0
13.0,33.0,HH Pandya,0.0,1.0,1.0,1.0,0.0,1.0,1.0,1.0,3.0,0.0,3.0,1.0,6.0,0.0,1.0,1.0,0.0,0.0,0.0,0.0
4.0,8.0,TG Southee,0.0,0.0,0.0,1.0,0.0,0.0,1.0,0.0,0.0,1.0,0.0,0.0,1.0,0.0,0.0,0.0,0.0,0.0,0.0,0.0
16.0,105.0,AM Rahane,7.0,1.0,2.0,4.0,2.0,5.0,2.0,6.0,1.0,2.0,4.0,6.0,6.0,9.0,8.0,5.0,7.0,5.0,4.0,5.0
2.0,48.0,MA Agarwal,4.0,5.0,1.0,0.0,2.0,0.0,0.0,0.0,2.0,2.0,1.0,4.0,0.0,9.0,3.0,6.0,3.0,1.0,1.0,3.0
16.0,62.0,SPD Smith,1.0,5.0,4.0,0.0,3.0,5.0,4.0,4.0,3.0,5.0,2.0,1.0,5.0,1.0,0.0,1.0,0.0,0.0,3.0,3.0
0.0,11.0,BA Stokes,0.0,0.0,0.0,0.0,1.0,1.0,1.0,2.0,2.0,2.0,0.0,0.0,0.0,0.0,0.0,0.0,1.0,0.0,1.0,0.0
44.0,143.0,MS Dhoni,0.0,1.0,6.0,6.0,7.0,5.0,6.0,9.0,11.0,13.0,13.0,0.0,23.0,1.0,0.0,0.0,0.0,1.0,3.0,0.0
1.0,3.0,JJ Roy,0.0,0.0,0.0,0.0,0.0,0.0,0.0,0.0,0.0,0.0,0.0,0.0,0.0,0.0,1.0,0.0,1.0,0.0,0.0,0.0
6.0,103.0,BB McCullum,7.0,2.0,5.0,8.0,3.0,5.0,2.0,1.0,3.0,2.0,0.0,17.0,1.0,10.0,3.0,8.0,10.0,4.0,4.0,5.0
27.0,157.0,SK Raina,3.0,12.0,11.0,4.0,9.0,9.0,7.0,2.0,5.0,6.0,4.0,3.0,6.0,3.0,7.0,9.0,11.0,3.0,7.0,12.0
7.0,64.0,AJ Finch,5.0,3.0,3.0,2.0,3.0,1.0,1.0,1.0,2.0,3.0,6.0,3.0,0.0,5.0,4.0,6.0,4.0,4.0,0.0,2.0
17.0,134.0,KD Karthik,0.0,6.0,9.0,7.0,11.0,8.0,8.0,9.0,10.0,10.0,7.0,1.0,9.0,1.0,3.0,2.0,2.0,3.0,8.0,8.0
21.0,146.0,G Gambhir,10.0,6.0,5.0,4.0,3.0,7.0,4.0,1.0,5.0,5.0,4.0,8.0,1.0,11.0,11.0,11.0,12.0,13.0,6.0,4.0
2.0,12.0,CA Lynn,1.0,0.0,0.0,2.0,0.0,0.0,0.0,1.0,0.0,1.0,0.0,1.0,0.0,0.0,0.0,1.0,0.0,1.0,2.0,0.0
22.0,79.0,MK Tiwary,1.0,3.0,0.0,3.0,2.0,3.0,4.0,1.0,6.0,6.0,4.0,2.0,10.0,2.0,0.0,4.0,1.0,2.0,1.0,3.0
8.0,31.0,DT Christian,0.0,0.0,1.0,1.0,1.0,1.0,2.0,1.0,4.0,2.0,4.0,0.0,6.0,0.0,0.0,0.0,0.0,0.0,0.0,0.0
3.0,16.0,HM Amla,3.0,0.0,1.0,1.0,0.0,1.0,0.0,0.0,0.0,0.0,0.0,0.0,2.0,0.0,0.0,2.0,1.0,1.0,1.0,0.0
4.0,41.0,M Vohra,1.0,1.0,4.0,1.0,2.0,1.0,0.0,0.0,0.0,2.0,1.0,3.0,0.0,5.0,2.0,3.0,5.0,5.0,0.0,2.0
16.0,78.0,WP Saha,0.0,2.0,4.0,2.0,2.0,2.0,5.0,2.0,3.0,8.0,4.0,0.0,5.0,4.0,5.0,3.0,6.0,0.0,3.0,3.0
14.0,42.0,AR Patel,0.0,0.0,0.0,3.0,0.0,1.0,0.0,1.0,2.0,4.0,9.0,0.0,5.0,0.0,0.0,0.0,1.0,0.0,1.0,2.0
6.0,55.0,GJ Maxwell,1.0,3.0,4.0,4.0,2.0,3.0,2.0,5.0,2.0,5.0,0.0,0.0,0.0,1.0,3.0,4.0,1.0,0.0,6.0,4.0
21.0,64.0,DA Miller,1.0,5.0,1.0,1.0,4.0,4.0,1.0,6.0,5.0,6.0,3.0,0.0,1.0,0.0,0.0,1.0,3.0,0.0,0.0,3.0
0.0,3.0,Vishnu Vinod,0.0,0.0,0.0,0.0,0.0,0.0,0.0,0.0,1.0,0.0,0.0,0.0,0.0,0.0,1.0,1.0,0.0,0.0,0.0,0.0
12.0,13.0,Iqbal Abdulla,0.0,0.0,0.0,0.0,0.0,0.0,0.0,0.0,0.0,0.0,0.0,0.0,1.0,0.0,0.0,0.0,0.0,0.0,0.0,0.0
9.0,29.0,P Negi,0.0,1.0,0.0,0.0,1.0,1.0,2.0,1.0,1.0,6.0,1.0,0.0,5.0,0.0,0.0,0.0,0.0,0.0,1.0,0.0
3.0,27.0,AP Tare,2.0,2.0,0.0,0.0,1.0,0.0,0.0,0.0,1.0,1.0,1.0,3.0,1.0,0.0,3.0,5.0,0.0,3.0,1.0,0.0
0.0,10.0,SW Billings,1.0,0.0,0.0,1.0,1.0,0.0,1.0,0.0,1.0,0.0,1.0,1.0,0.0,0.0,0.0,0.0,0.0,1.0,1.0,1.0
5.0,50.0,KK Nair,1.0,3.0,0.0,3.0,2.0,2.0,5.0,1.0,1.0,2.0,2.0,0.0,1.0,3.0,2.0,3.0,6.0,4.0,6.0,0.0
8.0,62.0,SV Samson,2.0,5.0,3.0,1.0,3.0,6.0,1.0,2.0,3.0,5.0,1.0,3.0,1.0,2.0,1.0,7.0,5.0,2.0,1.0,1.0
3.0,24.0,RR Pant,0.0,1.0,1.0,1.0,2.0,1.0,1.0,3.0,1.0,0.0,1.0,2.0,2.0,1.0,1.0,0.0,1.0,0.0,1.0,1.0
15.0,28.0,CH Morris,0.0,0.0,0.0,1.0,3.0,0.0,0.0,1.0,2.0,1.0,0.0,0.0,4.0,0.0,0.0,0.0,0.0,0.0,0.0,1.0
0.0,8.0,CR Brathwaite,0.0,0.0,1.0,0.0,0.0,1.0,2.0,0.0,1.0,1.0,1.0,0.0,1.0,0.0,0.0,0.0,0.0,0.0,0.0,0.0
3.0,9.0,PJ Cummins,0.0,0.0,0.0,0.0,0.0,0.0,0.0,1.0,2.0,1.0,1.0,0.0,0.0,0.0,0.0,0.0,0.0,0.0,0.0,1.0
23.0,49.0,A Mishra,0.0,1.0,0.0,1.0,1.0,1.0,2.0,4.0,2.0,2.0,6.0,0.0,8.0,0.0,0.0,0.0,0.0,0.0,0.0,0.0
3.0,16.0,S Nadeem,0.0,0.0,0.0,0.0,0.0,1.0,0.0,1.0,2.0,2.0,1.0,0.0,7.0,0.0,0.0,0.0,0.0,0.0,0.0,0.0
12.0,27.0,Z Khan,0.0,0.0,0.0,0.0,0.0,2.0,0.0,1.0,1.0,4.0,2.0,0.0,4.0,1.0,0.0,0.0,0.0,0.0,0.0,0.0
8.0,88.0,DR Smith,8.0,4.0,6.0,3.0,8.0,1.0,0.0,5.0,5.0,2.0,2.0,3.0,2.0,3.0,6.0,4.0,3.0,5.0,3.0,8.0
7.0,16.0,DS Kulkarni,0.0,0.0,0.0,0.0,2.0,0.0,0.0,0.0,0.0,1.0,1.0,0.0,5.0,0.0,0.0,0.0,0.0,0.0,0.0,0.0
23.0,57.0,P Kumar,2.0,0.0,0.0,0.0,1.0,1.0,1.0,1.0,1.0,6.0,6.0,0.0,15.0,0.0,0.0,0.0,0.0,0.0,0.0,0.0
4.0,5.0,Basil Thampi,0.0,0.0,0.0,0.0,0.0,0.0,0.0,0.0,0.0,0.0,0.0,0.0,1.0,0.0,0.0,0.0,0.0,0.0,0.0,0.0
17.0,143.0,RV Uthappa,6.0,10.0,7.0,6.0,9.0,7.0,6.0,3.0,4.0,7.0,5.0,7.0,1.0,9.0,10.0,8.0,9.0,6.0,4.0,7.0
19.0,95.0,MK Pandey,5.0,3.0,4.0,5.0,6.0,6.0,3.0,3.0,4.0,4.0,2.0,1.0,3.0,4.0,2.0,8.0,2.0,4.0,4.0,4.0
35.0,133.0,YK Pathan,1.0,4.0,6.0,7.0,11.0,6.0,7.0,10.0,5.0,3.0,6.0,2.0,12.0,1.0,4.0,0.0,3.0,3.0,4.0,4.0
14.0,42.0,SA Yadav,1.0,3.0,1.0,1.0,2.0,1.0,0.0,4.0,3.0,8.0,3.0,0.0,0.0,0.0,0.0,0.0,1.0,1.0,0.0,0.0
4.0,7.0,CR Woakes,0.0,0.0,0.0,0.0,0.0,0.0,0.0,0.0,1.0,0.0,1.0,0.0,1.0,0.0,0.0,0.0,0.0,0.0,0.0,0.0
13.0,30.0,SP Narine,2.0,0.0,0.0,0.0,0.0,0.0,0.0,1.0,0.0,2.0,1.0,2.0,2.0,1.0,2.0,1.0,2.0,1.0,0.0,0.0
30.0,82.0,Harbhajan Singh,0.0,1.0,1.0,1.0,0.0,2.0,1.0,3.0,1.0,6.0,13.0,0.0,20.0,0.0,0.0,0.0,3.0,0.0,0.0,1.0
34.0,118.0,AB de Villiers,1.0,3.0,6.0,7.0,7.0,4.0,4.0,4.0,6.0,6.0,6.0,0.0,5.0,4.0,1.0,8.0,2.0,5.0,4.0,2.0
7.0,26.0,CJ Anderson,0.0,1.0,0.0,1.0,1.0,0.0,1.0,4.0,2.0,1.0,1.0,0.0,1.0,2.0,1.0,0.0,1.0,1.0,1.0,0.0
9.0,46.0,F du Plessis,2.0,4.0,0.0,1.0,2.0,3.0,2.0,6.0,4.0,3.0,1.0,2.0,1.0,0.0,2.0,0.0,2.0,3.0,0.0,1.0
2.0,14.0,RA Tripathi,1.0,0.0,0.0,1.0,0.0,0.0,0.0,0.0,0.0,0.0,1.0,1.0,0.0,1.0,0.0,1.0,3.0,0.0,1.0,2.0
18.0,47.0,R Bhatia,0.0,0.0,0.0,1.0,1.0,1.0,3.0,2.0,2.0,4.0,7.0,0.0,8.0,0.0,0.0,0.0,0.0,0.0,0.0,0.0
0.0,1.0,DL Chahar,0.0,0.0,0.0,0.0,0.0,0.0,1.0,0.0,0.0,0.0,0.0,0.0,0.0,0.0,0.0,0.0,0.0,0.0,0.0,0.0
0.0,2.0,A Zampa,0.0,0.0,0.0,0.0,0.0,0.0,0.0,1.0,0.0,0.0,0.0,0.0,1.0,0.0,0.0,0.0,0.0,0.0,0.0,0.0
7.0,16.0,AB Dinda,0.0,0.0,0.0,0.0,0.0,0.0,1.0,1.0,1.0,1.0,2.0,0.0,3.0,0.0,0.0,0.0,0.0,0.0,0.0,0.0
2.0,6.0,Imran Tahir,0.0,0.0,0.0,0.0,0.0,0.0,1.0,0.0,0.0,2.0,0.0,0.0,1.0,0.0,0.0,0.0,0.0,0.0,0.0,0.0
22.0,93.0,NV Ojha,3.0,2.0,1.0,2.0,3.0,2.0,3.0,4.0,4.0,6.0,4.0,2.0,8.0,5.0,6.0,3.0,4.0,3.0,5.0,3.0
2.0,4.0,V Shankar,0.0,0.0,0.0,0.0,0.0,0.0,0.0,0.0,0.0,0.0,2.0,0.0,0.0,0.0,0.0,0.0,0.0,0.0,0.0,0.0
1.0,3.0,Rashid Khan,0.0,0.0,0.0,0.0,0.0,0.0,0.0,0.0,0.0,0.0,0.0,0.0,2.0,0.0,0.0,0.0,0.0,0.0,0.0,0.0
15.0,33.0,B Kumar,0.0,0.0,0.0,0.0,0.0,0.0,0.0,1.0,2.0,1.0,4.0,0.0,10.0,0.0,0.0,0.0,0.0,0.0,0.0,0.0
1.0,8.0,MP Stoinis,1.0,0.0,0.0,0.0,0.0,1.0,0.0,0.0,0.0,2.0,0.0,0.0,1.0,0.0,0.0,0.0,0.0,1.0,1.0,0.0
7.0,20.0,MM Sharma,0.0,0.0,0.0,0.0,2.0,0.0,0.0,1.0,1.0,2.0,2.0,0.0,5.0,0.0,0.0,0.0,0.0,0.0,0.0,0.0
6.0,9.0,VR Aaron,0.0,0.0,0.0,0.0,0.0,0.0,0.0,0.0,1.0,0.0,0.0,0.0,2.0,0.0,0.0,0.0,0.0,0.0,0.0,0.0
22.0,141.0,V Kohli,2.0,5.0,6.0,8.0,5.0,8.0,6.0,12.0,9.0,7.0,5.0,5.0,9.0,8.0,5.0,4.0,10.0,1.0,7.0,4.0
5.0,12.0,MJ McClenaghan,0.0,0.0,0.0,1.0,0.0,1.0,0.0,0.0,1.0,0.0,2.0,0.0,1.0,1.0,0.0,0.0,0.0,0.0,0.0,0.0
3.0,10.0,Ankit Sharma,0.0,0.0,0.0,0.0,0.0,0.0,0.0,0.0,0.0,1.0,1.0,0.0,3.0,0.0,0.0,0.0,0.0,0.0,1.0,1.0
1.0,4.0,SN Thakur,0.0,0.0,0.0,0.0,0.0,0.0,0.0,0.0,0.0,1.0,0.0,0.0,2.0,0.0,0.0,0.0,0.0,0.0,0.0,0.0
1.0,1.0,RD Chahar,0.0,0.0,0.0,0.0,0.0,0.0,0.0,0.0,0.0,0.0,0.0,0.0,0.0,0.0,0.0,0.0,0.0,0.0,0.0,0.0
1.0,1.0,LH Ferguson,0.0,0.0,0.0,0.0,0.0,0.0,0.0,0.0,0.0,0.0,0.0,0.0,0.0,0.0,0.0,0.0,0.0,0.0,0.0,0.0
1.0,9.0,C de Grandhomme,1.0,0.0,0.0,1.0,0.0,1.0,1.0,0.0,1.0,0.0,0.0,0.0,2.0,0.0,0.0,0.0,0.0,1.0,0.0,0.0
11.0,17.0,Bipul Sharma,0.0,0.0,0.0,1.0,0.0,0.0,0.0,1.0,1.0,1.0,1.0,0.0,1.0,0.0,0.0,0.0,0.0,0.0,0.0,0.0
3.0,32.0,SS Iyer,3.0,1.0,2.0,3.0,1.0,1.0,0.0,2.0,1.0,0.0,0.0,1.0,1.0,5.0,1.0,4.0,1.0,2.0,0.0,1.0
7.0,45.0,EJG Morgan,0.0,1.0,3.0,1.0,1.0,1.0,4.0,1.0,5.0,5.0,3.0,1.0,1.0,1.0,0.0,2.0,3.0,0.0,3.0,2.0
1.0,4.0,KC Cariappa,0.0,0.0,0.0,0.0,0.0,0.0,0.0,0.0,0.0,0.0,1.0,0.0,2.0,0.0,0.0,0.0,0.0,0.0,0.0,0.0
10.0,11.0,Sandeep Sharma,0.0,0.0,0.0,0.0,0.0,1.0,0.0,0.0,0.0,0.0,0.0,0.0,0.0,0.0,0.0,0.0,0.0,0.0,0.0,0.0
1.0,15.0,Ishan Kishan,0.0,1.0,0.0,2.0,1.0,0.0,1.0,0.0,2.0,2.0,0.0,0.0,2.0,1.0,0.0,0.0,1.0,1.0,0.0,0.0
4.0,5.0,JD Unadkat,0.0,0.0,0.0,0.0,0.0,0.0,0.0,0.0,0.0,0.0,1.0,0.0,0.0,0.0,0.0,0.0,0.0,0.0,0.0,0.0
0.0,3.0,AF Milne,0.0,0.0,0.0,0.0,0.0,0.0,1.0,0.0,0.0,0.0,0.0,0.0,2.0,0.0,0.0,0.0,0.0,0.0,0.0,0.0
0.0,5.0,S Badree,0.0,0.0,0.0,0.0,0.0,0.0,1.0,0.0,1.0,1.0,1.0,0.0,0.0,0.0,0.0,0.0,0.0,0.0,0.0,1.0
12.0,41.0,AD Mathews,0.0,1.0,1.0,1.0,1.0,3.0,0.0,2.0,2.0,5.0,4.0,0.0,9.0,0.0,0.0,0.0,0.0,1.0,0.0,1.0
6.0,13.0,Mohammed Shami,0.0,0.0,1.0,0.0,0.0,0.0,1.0,0.0,1.0,1.0,1.0,0.0,2.0,0.0,0.0,0.0,0.0,0.0,0.0,0.0
0.0,1.0,Mohammad Nabi,0.0,0.0,0.0,0.0,0.0,0.0,0.0,0.0,0.0,0.0,0.0,0.0,1.0,0.0,0.0,0.0,0.0,0.0,0.0,0.0
10.0,17.0,I Sharma,0.0,0.0,0.0,0.0,0.0,0.0,1.0,1.0,0.0,0.0,0.0,0.0,5.0,0.0,0.0,0.0,0.0,0.0,0.0,0.0
34.0,108.0,RA Jadeja,0.0,1.0,4.0,4.0,3.0,2.0,8.0,10.0,6.0,15.0,11.0,0.0,9.0,0.0,0.0,0.0,0.0,2.0,1.0,0.0
2.0,3.0,AJ Tye,0.0,0.0,0.0,0.0,0.0,0.0,0.0,0.0,1.0,0.0,0.0,0.0,0.0,0.0,0.0,0.0,0.0,0.0,0.0,0.0
3.0,15.0,KS Williamson,0.0,1.0,0.0,3.0,1.0,0.0,0.0,1.0,2.0,1.0,1.0,0.0,0.0,0.0,0.0,2.0,0.0,0.0,0.0,0.0
6.0,69.0,SE Marsh,2.0,2.0,1.0,1.0,4.0,3.0,7.0,6.0,2.0,1.0,4.0,4.0,2.0,3.0,3.0,3.0,6.0,5.0,3.0,3.0
8.0,32.0,Shakib Al Hasan,1.0,0.0,0.0,2.0,0.0,2.0,4.0,2.0,0.0,2.0,5.0,0.0,4.0,0.0,0.0,0.0,1.0,1.0,0.0,1.0
19.0,45.0,JP Faulkner,1.0,0.0,0.0,0.0,0.0,1.0,2.0,0.0,3.0,3.0,10.0,0.0,5.0,0.0,2.0,1.0,0.0,0.0,0.0,0.0
12.0,26.0,MG Johnson,0.0,0.0,0.0,0.0,1.0,0.0,0.0,0.0,1.0,1.0,4.0,0.0,6.0,0.0,0.0,0.0,0.0,0.0,0.0,1.0
0.0,3.0,K Rabada,0.0,1.0,0.0,0.0,0.0,0.0,0.0,1.0,0.0,0.0,1.0,0.0,0.0,0.0,0.0,0.0,0.0,0.0,0.0,0.0
0.0,4.0,AD Nath,0.0,0.0,0.0,1.0,0.0,1.0,0.0,0.0,1.0,0.0,0.0,0.0,1.0,0.0,0.0,0.0,0.0,0.0,0.0,0.0
4.0,11.0,NM Coulter-Nile,0.0,0.0,0.0,0.0,0.0,1.0,0.0,0.0,1.0,2.0,2.0,0.0,1.0,0.0,0.0,0.0,0.0,0.0,0.0,0.0
0.0,2.0,Kuldeep Yadav,0.0,0.0,0.0,0.0,0.0,0.0,0.0,0.0,0.0,0.0,1.0,0.0,1.0,0.0,0.0,0.0,0.0,0.0,0.0,0.0
16.0,23.0,UT Yadav,0.0,0.0,0.0,0.0,0.0,0.0,0.0,0.0,2.0,1.0,4.0,0.0,1.0,0.0,0.0,0.0,0.0,0.0,0.0,0.0
5.0,5.0,Washington Sundar,0.0,0.0,0.0,0.0,0.0,0.0,0.0,0.0,0.0,0.0,0.0,0.0,0.0,0.0,0.0,0.0,0.0,0.0,0.0,0.0
13.0,34.0,KV Sharma,0.0,1.0,0.0,0.0,1.0,0.0,3.0,1.0,3.0,5.0,1.0,0.0,5.0,0.0,1.0,0.0,0.0,0.0,0.0,0.0
1.0,1.0,DM Bravo,0.0,0.0,0.0,0.0,0.0,0.0,0.0,0.0,0.0,0.0,0.0,0.0,0.0,0.0,0.0,0.0,0.0,0.0,0.0,0.0
1.0,1.0,AR Bawne,0.0,0.0,0.0,0.0,0.0,0.0,0.0,0.0,0.0,0.0,0.0,0.0,0.0,0.0,0.0,0.0,0.0,0.0,0.0,0.0
1.0,3.0,SP Jackson,0.0,0.0,0.0,0.0,0.0,0.0,0.0,0.0,0.0,0.0,1.0,0.0,0.0,0.0,1.0,0.0,0.0,0.0,0.0,0.0
1.0,10.0,MJ Guptill,3.0,0.0,0.0,0.0,0.0,0.0,1.0,0.0,0.0,0.0,0.0,0.0,0.0,1.0,1.0,1.0,2.0,0.0,0.0,0.0
3.0,7.0,Anureet Singh,0.0,0.0,0.0,0.0,0.0,0.0,0.0,0.0,0.0,0.0,0.0,0.0,3.0,0.0,0.0,0.0,0.0,0.0,0.0,1.0
30.0,82.0,IK Pathan,0.0,1.0,3.0,2.0,2.0,3.0,7.0,5.0,1.0,7.0,6.0,1.0,11.0,0.0,2.0,0.0,0.0,2.0,0.0,0.0
1.0,3.0,Ankit Soni,0.0,0.0,0.0,0.0,0.0,0.0,0.0,0.0,0.0,0.0,1.0,0.0,1.0,0.0,0.0,0.0,0.0,0.0,0.0,0.0
3.0,6.0,JJ Bumrah,0.0,0.0,0.0,0.0,0.0,0.0,0.0,0.0,1.0,0.0,0.0,0.0,2.0,0.0,0.0,0.0,0.0,0.0,0.0,0.0
8.0,20.0,SL Malinga,0.0,0.0,0.0,0.0,0.0,0.0,0.0,1.0,0.0,1.0,4.0,0.0,6.0,0.0,0.0,0.0,0.0,0.0,0.0,0.0
6.0,12.0,PJ Sangwan,0.0,0.0,0.0,0.0,0.0,0.0,0.0,0.0,1.0,4.0,0.0,0.0,1.0,0.0,0.0,0.0,0.0,0.0,0.0,0.0
3.0,3.0,S Kaul,0.0,0.0,0.0,0.0,0.0,0.0,0.0,0.0,0.0,0.0,0.0,0.0,0.0,0.0,0.0,0.0,0.0,0.0,0.0,0.0
2.0,29.0,LMP Simmons,1.0,2.0,1.0,1.0,3.0,3.0,1.0,1.0,1.0,0.0,0.0,3.0,1.0,2.0,3.0,1.0,2.0,0.0,1.0,0.0
3.0,14.0,MN Samuels,0.0,0.0,0.0,1.0,1.0,3.0,1.0,0.0,1.0,0.0,0.0,0.0,0.0,0.0,0.0,1.0,1.0,0.0,2.0,1.0
0.0,3.0,Swapnil Singh,0.0,0.0,0.0,0.0,0.0,1.0,0.0,0.0,0.0,0.0,1.0,0.0,1.0,0.0,0.0,0.0,0.0,0.0,0.0,0.0
1.0,3.0,R Tewatia,0.0,0.0,0.0,0.0,0.0,0.0,0.0,1.0,0.0,0.0,0.0,0.0,0.0,0.0,0.0,0.0,1.0,0.0,0.0,0.0
7.0,12.0,MM Patel,0.0,0.0,0.0,0.0,1.0,1.0,0.0,0.0,0.0,0.0,1.0,0.0,2.0,0.0,0.0,0.0,0.0,0.0,0.0,0.0
21.0,64.0,SS Tiwary,0.0,3.0,0.0,3.0,3.0,5.0,6.0,1.0,3.0,6.0,4.0,0.0,2.0,0.0,1.0,0.0,2.0,1.0,2.0,1.0
1.0,1.0,TA Boult,0.0,0.0,0.0,0.0,0.0,0.0,0.0,0.0,0.0,0.0,0.0,0.0,0.0,0.0,0.0,0.0,0.0,0.0,0.0,0.0
1.0,2.0,CJ Jordan,0.0,0.0,0.0,0.0,0.0,0.0,0.0,0.0,0.0,0.0,1.0,0.0,0.0,0.0,0.0,0.0,0.0,0.0,0.0,0.0
2.0,7.0,IR Jaggi,0.0,0.0,1.0,0.0,0.0,0.0,1.0,0.0,0.0,1.0,0.0,0.0,0.0,1.0,0.0,0.0,0.0,0.0,1.0,0.0
24.0,65.0,PP Chawla,0.0,1.0,1.0,0.0,0.0,2.0,2.0,3.0,7.0,8.0,5.0,0.0,12.0,0.0,0.0,1.0,0.0,0.0,0.0,0.0
1.0,2.0,AS Rajpoot,0.0,0.0,0.0,0.0,0.0,0.0,0.0,0.0,0.0,0.0,1.0,0.0,0.0,0.0,0.0,0.0,0.0,0.0,0.0,0.0
4.0,56.0,SC Ganguly,5.0,3.0,2.0,3.0,5.0,2.0,4.0,1.0,3.0,1.0,2.0,1.0,2.0,4.0,3.0,2.0,6.0,1.0,2.0,2.0
1.0,9.0,RT Ponting,1.0,1.0,0.0,0.0,1.0,0.0,0.0,0.0,0.0,0.0,0.0,0.0,0.0,3.0,1.0,0.0,0.0,0.0,1.0,0.0
14.0,61.0,DJ Hussey,0.0,3.0,2.0,4.0,3.0,3.0,7.0,5.0,3.0,4.0,4.0,0.0,2.0,0.0,1.0,2.0,1.0,0.0,2.0,3.0
1.0,8.0,Mohammad Hafeez,0.0,0.0,0.0,0.0,0.0,2.0,1.0,0.0,1.0,0.0,0.0,1.0,0.0,1.0,1.0,0.0,0.0,1.0,0.0,0.0
6.0,82.0,R Dravid,2.0,5.0,6.0,4.0,5.0,7.0,4.0,7.0,3.0,0.0,3.0,9.0,3.0,0.0,2.0,2.0,3.0,1.0,7.0,4.0
1.0,8.0,W Jaffer,1.0,0.0,2.0,0.0,0.0,0.0,0.0,0.0,0.0,0.0,0.0,0.0,0.0,2.0,0.0,1.0,1.0,0.0,0.0,0.0
11.0,95.0,JH Kallis,4.0,2.0,5.0,2.0,6.0,2.0,2.0,8.0,3.0,1.0,6.0,12.0,3.0,5.0,7.0,6.0,3.0,5.0,2.0,5.0
11.0,45.0,CL White,1.0,0.0,6.0,2.0,1.0,1.0,3.0,1.0,2.0,1.0,3.0,0.0,3.0,2.0,2.0,2.0,0.0,0.0,3.0,2.0
8.0,23.0,MV Boucher,0.0,0.0,1.0,1.0,0.0,1.0,2.0,3.0,1.0,0.0,2.0,0.0,2.0,0.0,0.0,0.0,1.0,0.0,1.0,0.0
4.0,11.0,B Akhil,0.0,0.0,0.0,0.0,0.0,1.0,0.0,2.0,0.0,1.0,1.0,0.0,1.0,0.0,0.0,0.0,0.0,0.0,0.0,1.0
0.0,1.0,AA Noffke,0.0,0.0,0.0,1.0,0.0,0.0,0.0,0.0,0.0,0.0,0.0,0.0,0.0,0.0,0.0,0.0,0.0,0.0,0.0,0.0
0.0,2.0,SB Joshi,0.0,0.0,0.0,0.0,0.0,1.0,0.0,1.0,0.0,0.0,0.0,0.0,0.0,0.0,0.0,0.0,0.0,0.0,0.0,0.0
5.0,32.0,ML Hayden,2.0,0.0,0.0,0.0,2.0,3.0,0.0,0.0,2.0,0.0,0.0,3.0,0.0,1.0,4.0,2.0,2.0,4.0,1.0,2.0
9.0,58.0,MEK Hussey,4.0,6.0,3.0,5.0,2.0,1.0,5.0,1.0,2.0,3.0,0.0,2.0,1.0,3.0,2.0,7.0,1.0,1.0,2.0,1.0
3.0,11.0,JDP Oram,0.0,0.0,0.0,1.0,1.0,0.0,1.0,1.0,0.0,2.0,1.0,0.0,1.0,0.0,0.0,0.0,0.0,0.0,0.0,0.0
19.0,65.0,S Badrinath,1.0,2.0,2.0,2.0,4.0,4.0,2.0,6.0,4.0,1.0,6.0,1.0,4.0,1.0,0.0,0.0,3.0,2.0,2.0,1.0
2.0,16.0,K Goel,2.0,0.0,1.0,0.0,0.0,1.0,0.0,0.0,0.0,2.0,0.0,0.0,0.0,1.0,1.0,2.0,2.0,2.0,0.0,0.0
3.0,19.0,JR Hopes,1.0,0.0,1.0,0.0,0.0,1.0,1.0,1.0,1.0,1.0,1.0,3.0,0.0,0.0,3.0,0.0,0.0,2.0,0.0,1.0
2.0,68.0,KC Sangakkara,1.0,3.0,6.0,10.0,3.0,3.0,4.0,3.0,1.0,3.0,6.0,2.0,1.0,3.0,1.0,0.0,8.0,4.0,3.0,4.0
2.0,11.0,SM Katich,0.0,2.0,0.0,0.0,0.0,1.0,0.0,0.0,0.0,0.0,0.0,1.0,0.0,1.0,1.0,3.0,0.0,1.0,0.0,0.0
0.0,3.0,T Kohli,0.0,0.0,0.0,0.0,0.0,0.0,0.0,0.0,0.0,1.0,0.0,0.0,1.0,1.0,0.0,0.0,0.0,0.0,0.0,0.0
6.0,22.0,M Kaif,0.0,0.0,4.0,0.0,0.0,1.0,2.0,1.0,2.0,1.0,1.0,2.0,1.0,0.0,0.0,0.0,0.0,1.0,0.0,0.0
0.0,2.0,DS Lehmann,0.0,0.0,0.0,1.0,0.0,0.0,0.0,0.0,0.0,0.0,0.0,0.0,0.0,0.0,0.0,0.0,0.0,0.0,1.0,0.0
6.0,11.0,M Rawat,1.0,0.0,0.0,0.0,1.0,0.0,0.0,1.0,0.0,1.0,0.0,0.0,1.0,0.0,0.0,0.0,0.0,0.0,0.0,0.0
2.0,3.0,D Salunkhe,0.0,0.0,0.0,0.0,0.0,0.0,0.0,0.0,0.0,0.0,1.0,0.0,0.0,0.0,0.0,0.0,0.0,0.0,0.0,0.0
8.0,27.0,SK Warne,0.0,0.0,2.0,0.0,0.0,3.0,1.0,1.0,1.0,4.0,3.0,0.0,4.0,0.0,0.0,0.0,0.0,0.0,0.0,0.0
6.0,14.0,SK Trivedi,0.0,0.0,0.0,0.0,0.0,0.0,0.0,1.0,2.0,0.0,0.0,0.0,5.0,0.0,0.0,0.0,0.0,0.0,0.0,0.0
8.0,104.0,V Sehwag,13.0,3.0,3.0,3.0,3.0,3.0,5.0,1.0,1.0,1.0,1.0,14.0,0.0,13.0,10.0,4.0,6.0,9.0,5.0,0.0
2.0,5.0,L Ronchi,1.0,0.0,0.0,0.0,0.0,0.0,0.0,0.0,0.0,0.0,0.0,1.0,0.0,1.0,0.0,0.0,0.0,0.0,0.0,0.0
2.0,30.0,ST Jayasuriya,3.0,0.0,2.0,2.0,0.0,1.0,2.0,0.0,0.0,0.0,0.0,4.0,0.0,4.0,5.0,0.0,4.0,0.0,2.0,0.0
1.0,4.0,DJ Thornely,0.0,0.0,0.0,0.0,0.0,1.0,0.0,0.0,0.0,0.0,0.0,0.0,0.0,0.0,1.0,0.0,0.0,0.0,0.0,1.0
1.0,9.0,PR Shah,0.0,1.0,0.0,0.0,0.0,1.0,0.0,0.0,0.0,0.0,2.0,0.0,2.0,0.0,0.0,0.0,0.0,0.0,1.0,1.0
12.0,50.0,AM Nayar,1.0,1.0,0.0,2.0,1.0,3.0,4.0,5.0,5.0,4.0,3.0,2.0,3.0,1.0,0.0,0.0,0.0,1.0,1.0,2.0
0.0,8.0,SM Pollock,0.0,0.0,0.0,1.0,0.0,1.0,0.0,1.0,1.0,2.0,0.0,0.0,2.0,0.0,0.0,0.0,0.0,0.0,0.0,0.0
0.0,3.0,S Chanderpaul,0.0,0.0,0.0,0.0,0.0,0.0,0.0,0.0,0.0,0.0,0.0,0.0,0.0,1.0,1.0,1.0,0.0,0.0,0.0,0.0
16.0,54.0,LRPL Taylor,1.0,4.0,3.0,3.0,1.0,2.0,7.0,1.0,4.0,2.0,4.0,0.0,1.0,0.0,0.0,1.0,1.0,2.0,2.0,2.0
5.0,80.0,AC Gilchrist,12.0,6.0,5.0,1.0,1.0,4.0,1.0,0.0,0.0,0.0,0.0,4.0,1.0,9.0,9.0,10.0,4.0,3.0,4.0,2.0
10.0,52.0,Y Venugopal Rao,0.0,0.0,1.0,1.0,2.0,7.0,2.0,3.0,3.0,4.0,9.0,0.0,4.0,0.0,1.0,0.0,2.0,2.0,1.0,0.0
4.0,20.0,VVS Laxman,0.0,0.0,0.0,0.0,0.0,0.0,1.0,0.0,0.0,1.0,0.0,0.0,0.0,3.0,1.0,3.0,2.0,0.0,2.0,3.0
11.0,36.0,A Symonds,0.0,1.0,1.0,3.0,0.0,3.0,3.0,2.0,2.0,7.0,0.0,0.0,1.0,0.0,0.0,0.0,1.0,1.0,0.0,1.0
3.0,10.0,SB Styris,0.0,0.0,1.0,1.0,1.0,0.0,0.0,1.0,0.0,1.0,1.0,0.0,0.0,0.0,0.0,0.0,0.0,0.0,0.0,1.0
1.0,6.0,AS Yadav,0.0,0.0,0.0,0.0,0.0,0.0,1.0,0.0,0.0,0.0,2.0,0.0,4.0,0.0,0.0,0.0,0.0,0.0,0.0,0.0
1.0,7.0,SB Bangar,0.0,0.0,0.0,0.0,0.0,1.0,2.0,0.0,2.0,0.0,1.0,0.0,0.0,0.0,0.0,0.0,0.0,0.0,0.0,0.0
4.0,11.0,WPUJC Vaas,0.0,0.0,0.0,0.0,0.0,0.0,0.0,0.0,1.0,4.0,2.0,0.0,0.0,0.0,0.0,0.0,0.0,0.0,0.0,0.0
13.0,28.0,RP Singh,0.0,0.0,0.0,0.0,0.0,1.0,0.0,1.0,1.0,1.0,3.0,0.0,8.0,0.0,0.0,0.0,0.0,0.0,0.0,0.0
5.0,33.0,LR Shukla,0.0,4.0,2.0,2.0,1.0,2.0,3.0,2.0,2.0,4.0,2.0,0.0,4.0,0.0,0.0,0.0,0.0,1.0,0.0,0.0
19.0,78.0,DPMD Jayawardene,3.0,4.0,6.0,2.0,2.0,3.0,3.0,2.0,4.0,3.0,3.0,2.0,0.0,4.0,4.0,9.0,1.0,1.0,5.0,3.0
2.0,20.0,S Sohal,3.0,2.0,0.0,0.0,0.0,0.0,1.0,0.0,0.0,1.0,2.0,3.0,0.0,0.0,0.0,2.0,2.0,1.0,0.0,1.0
9.0,19.0,B Lee,0.0,0.0,0.0,1.0,0.0,0.0,0.0,1.0,2.0,3.0,1.0,0.0,2.0,0.0,0.0,0.0,0.0,0.0,0.0,0.0
3.0,8.0,WA Mota,0.0,0.0,0.0,1.0,0.0,0.0,0.0,1.0,2.0,0.0,1.0,0.0,0.0,0.0,0.0,0.0,0.0,0.0,0.0,0.0
2.0,6.0,Kamran Akmal,0.0,0.0,0.0,0.0,0.0,0.0,1.0,0.0,0.0,0.0,0.0,0.0,0.0,1.0,0.0,1.0,0.0,1.0,0.0,0.0
1.0,9.0,Shahid Afridi,0.0,0.0,0.0,1.0,1.0,0.0,1.0,0.0,0.0,1.0,0.0,1.0,1.0,1.0,0.0,0.0,0.0,1.0,0.0,0.0
27.0,81.0,DJ Bravo,0.0,1.0,4.0,3.0,2.0,1.0,5.0,5.0,4.0,5.0,8.0,1.0,6.0,1.0,2.0,0.0,1.0,1.0,2.0,2.0
1.0,3.0,MA Khote,0.0,0.0,0.0,0.0,0.0,0.0,0.0,1.0,0.0,1.0,0.0,0.0,0.0,0.0,0.0,0.0,0.0,0.0,0.0,0.0
9.0,17.0,A Nehra,0.0,0.0,0.0,0.0,0.0,0.0,0.0,0.0,0.0,1.0,2.0,0.0,5.0,0.0,0.0,0.0,0.0,0.0,0.0,0.0
3.0,29.0,GC Smith,3.0,0.0,1.0,1.0,1.0,1.0,1.0,2.0,0.0,1.0,0.0,5.0,0.0,2.0,3.0,1.0,2.0,3.0,1.0,2.0
3.0,5.0,Pankaj Singh,0.0,0.0,0.0,0.0,0.0,0.0,0.0,0.0,0.0,0.0,1.0,0.0,1.0,0.0,0.0,0.0,0.0,0.0,0.0,0.0
1.0,4.0,RR Sarwan,0.0,0.0,0.0,0.0,1.0,1.0,0.0,0.0,0.0,0.0,0.0,0.0,0.0,0.0,0.0,0.0,0.0,0.0,0.0,1.0
9.0,12.0,S Sreesanth,0.0,0.0,0.0,0.0,0.0,0.0,0.0,0.0,0.0,1.0,1.0,0.0,1.0,0.0,0.0,0.0,0.0,0.0,0.0,0.0
1.0,2.0,VRV Singh,0.0,0.0,0.0,0.0,0.0,0.0,0.0,0.0,0.0,0.0,0.0,0.0,1.0,0.0,0.0,0.0,0.0,0.0,0.0,0.0
15.0,41.0,R Vinay Kumar,0.0,0.0,0.0,0.0,1.0,0.0,0.0,0.0,2.0,5.0,8.0,0.0,10.0,0.0,0.0,0.0,0.0,0.0,0.0,0.0
10.0,18.0,AB Agarkar,0.0,0.0,0.0,0.0,0.0,2.0,0.0,1.0,1.0,1.0,1.0,0.0,1.0,0.0,0.0,1.0,0.0,0.0,0.0,0.0
7.0,14.0,M Kartik,0.0,0.0,0.0,0.0,1.0,0.0,0.0,1.0,0.0,0.0,1.0,0.0,4.0,0.0,0.0,0.0,0.0,0.0,0.0,0.0
1.0,5.0,Shoaib Malik,0.0,0.0,0.0,0.0,0.0,0.0,1.0,0.0,1.0,0.0,0.0,0.0,1.0,0.0,0.0,0.0,0.0,0.0,1.0,0.0
4.0,14.0,MF Maharoof,0.0,0.0,1.0,1.0,1.0,0.0,0.0,2.0,1.0,2.0,0.0,0.0,2.0,0.0,0.0,0.0,0.0,0.0,0.0,0.0
3.0,5.0,VY Mahesh,0.0,0.0,0.0,0.0,0.0,0.0,0.0,1.0,0.0,1.0,0.0,0.0,0.0,0.0,0.0,0.0,0.0,0.0,0.0,0.0
2.0,3.0,TM Srivastava,0.0,0.0,0.0,0.0,0.0,0.0,0.0,0.0,1.0,0.0,0.0,0.0,0.0,0.0,0.0,0.0,0.0,0.0,0.0,0.0
6.0,21.0,B Chipli,0.0,1.0,0.0,0.0,2.0,2.0,2.0,0.0,0.0,0.0,1.0,1.0,0.0,0.0,3.0,1.0,1.0,0.0,2.0,0.0
10.0,32.0,DW Steyn,0.0,0.0,0.0,0.0,0.0,1.0,0.0,1.0,1.0,1.0,5.0,0.0,13.0,0.0,0.0,0.0,0.0,0.0,0.0,0.0
10.0,22.0,DB Das,0.0,0.0,0.0,0.0,1.0,1.0,0.0,1.0,1.0,2.0,1.0,0.0,1.0,0.0,0.0,1.0,3.0,0.0,0.0,0.0
4.0,36.0,HH Gibbs,0.0,1.0,2.0,3.0,2.0,0.0,2.0,1.0,0.0,0.0,0.0,4.0,0.0,4.0,1.0,5.0,2.0,3.0,1.0,1.0
1.0,2.0,DNT Zoysa,0.0,0.0,0.0,0.0,0.0,0.0,0.0,0.0,1.0,0.0,0.0,0.0,0.0,0.0,0.0,0.0,0.0,0.0,0.0,0.0
0.0,1.0,D Kalyankrishna,0.0,0.0,0.0,0.0,0.0,0.0,0.0,0.0,0.0,0.0,0.0,0.0,1.0,0.0,0.0,0.0,0.0,0.0,0.0,0.0
1.0,19.0,SA Asnodkar,2.0,0.0,1.0,1.0,1.0,1.0,1.0,0.0,0.0,0.0,0.0,3.0,0.0,2.0,1.0,1.0,1.0,2.0,1.0,1.0
2.0,5.0,Sohail Tanvir,0.0,0.0,0.0,0.0,0.0,0.0,0.0,1.0,0.0,0.0,0.0,0.0,0.0,0.0,0.0,0.0,1.0,0.0,0.0,1.0
0.0,7.0,Salman Butt,1.0,0.0,0.0,0.0,0.0,1.0,0.0,0.0,0.0,1.0,0.0,1.0,0.0,1.0,0.0,0.0,1.0,1.0,0.0,0.0
18.0,63.0,BJ Hodge,2.0,1.0,3.0,0.0,3.0,3.0,3.0,4.0,1.0,7.0,7.0,1.0,5.0,0.0,2.0,0.0,2.0,0.0,2.0,0.0
1.0,4.0,Umar Gul,0.0,0.0,0.0,0.0,0.0,0.0,0.0,0.0,0.0,0.0,2.0,0.0,1.0,0.0,0.0,0.0,0.0,0.0,0.0,0.0
1.0,10.0,SP Fleming,1.0,1.0,0.0,0.0,0.0,1.0,0.0,0.0,0.0,0.0,0.0,1.0,0.0,1.0,2.0,0.0,1.0,0.0,0.0,1.0
0.0,8.0,S Vidyut,1.0,0.0,0.0,0.0,0.0,0.0,1.0,1.0,0.0,0.0,0.0,0.0,0.0,3.0,0.0,0.0,1.0,1.0,0.0,0.0
28.0,67.0,JA Morkel,0.0,1.0,1.0,1.0,2.0,1.0,3.0,4.0,2.0,6.0,6.0,0.0,12.0,0.0,0.0,0.0,0.0,0.0,0.0,1.0
1.0,3.0,LPC Silva,0.0,1.0,0.0,0.0,0.0,1.0,0.0,0.0,0.0,0.0,0.0,0.0,0.0,0.0,0.0,0.0,0.0,0.0,0.0,0.0
5.0,25.0,DB Ravi Teja,0.0,0.0,0.0,0.0,0.0,1.0,1.0,2.0,2.0,3.0,5.0,0.0,3.0,1.0,0.0,0.0,1.0,0.0,1.0,0.0
0.0,8.0,Misbah-ul-Haq,0.0,1.0,0.0,1.0,0.0,0.0,1.0,2.0,0.0,1.0,0.0,1.0,0.0,0.0,0.0,1.0,1.0,0.0,0.0,0.0
2.0,10.0,YV Takawale,1.0,0.0,1.0,0.0,1.0,0.0,0.0,0.0,0.0,0.0,0.0,0.0,0.0,1.0,0.0,1.0,2.0,0.0,1.0,0.0
4.0,5.0,RR Raje,0.0,0.0,0.0,0.0,0.0,0.0,0.0,0.0,0.0,0.0,0.0,0.0,1.0,0.0,0.0,0.0,0.0,0.0,0.0,0.0
0.0,2.0,Mohammad Asif,0.0,0.0,0.0,0.0,0.0,0.0,0.0,0.0,1.0,0.0,1.0,0.0,0.0,0.0,0.0,0.0,0.0,0.0,0.0,0.0
1.0,2.0,GD McGrath,0.0,0.0,0.0,0.0,0.0,0.0,0.0,0.0,0.0,0.0,1.0,0.0,0.0,0.0,0.0,0.0,0.0,0.0,0.0,0.0
1.0,5.0,Joginder Sharma,0.0,0.0,0.0,0.0,0.0,0.0,1.0,0.0,0.0,1.0,1.0,0.0,1.0,0.0,0.0,0.0,0.0,0.0,0.0,0.0
6.0,15.0,MS Gony,0.0,0.0,0.0,0.0,0.0,1.0,2.0,0.0,0.0,2.0,2.0,0.0,2.0,0.0,0.0,0.0,0.0,0.0,0.0,0.0
3.0,9.0,M Muralitharan,0.0,0.0,0.0,0.0,0.0,0.0,0.0,0.0,1.0,0.0,1.0,0.0,4.0,0.0,0.0,0.0,0.0,0.0,0.0,0.0
1.0,2.0,M Ntini,0.0,0.0,0.0,0.0,0.0,0.0,0.0,0.0,0.0,0.0,1.0,0.0,0.0,0.0,0.0,0.0,0.0,0.0,0.0,0.0
1.0,2.0,DT Patil,0.0,0.0,0.0,0.0,0.0,1.0,0.0,0.0,0.0,0.0,0.0,0.0,0.0,0.0,0.0,0.0,0.0,0.0,0.0,0.0
13.0,15.0,A Kumble,0.0,0.0,0.0,0.0,0.0,0.0,0.0,0.0,0.0,0.0,1.0,0.0,1.0,0.0,0.0,0.0,0.0,0.0,0.0,0.0
4.0,12.0,S Anirudha,2.0,0.0,0.0,0.0,0.0,0.0,0.0,1.0,1.0,0.0,0.0,0.0,3.0,0.0,1.0,0.0,0.0,0.0,0.0,0.0
0.0,3.0,CK Kapugedera,0.0,0.0,0.0,0.0,0.0,0.0,0.0,0.0,0.0,0.0,1.0,0.0,1.0,0.0,0.0,0.0,0.0,0.0,0.0,1.0
1.0,6.0,A Chopra,0.0,0.0,2.0,0.0,0.0,0.0,0.0,1.0,0.0,0.0,0.0,0.0,0.0,1.0,0.0,0.0,1.0,0.0,0.0,0.0
0.0,3.0,T Taibu,0.0,0.0,0.0,1.0,0.0,0.0,0.0,1.0,0.0,0.0,0.0,0.0,1.0,0.0,0.0,0.0,0.0,0.0,0.0,0.0
0.0,3.0,J Arunkumar,1.0,0.0,0.0,0.0,0.0,0.0,0.0,0.0,0.0,0.0,0.0,0.0,0.0,1.0,0.0,1.0,0.0,0.0,0.0,0.0
9.0,19.0,PP Ojha,0.0,0.0,0.0,0.0,0.0,0.0,1.0,0.0,0.0,0.0,3.0,0.0,6.0,0.0,0.0,0.0,0.0,0.0,0.0,0.0
2.0,16.0,SP Goswami,1.0,0.0,0.0,2.0,0.0,0.0,0.0,1.0,1.0,0.0,0.0,1.0,1.0,1.0,1.0,0.0,1.0,3.0,1.0,1.0
9.0,78.0,SR Tendulkar,4.0,3.0,6.0,3.0,4.0,2.0,1.0,3.0,4.0,0.0,1.0,4.0,1.0,4.0,3.0,5.0,6.0,2.0,6.0,9.0
1.0,1.0,U Kaul,0.0,0.0,0.0,0.0,0.0,0.0,0.0,0.0,0.0,0.0,0.0,0.0,0.0,0.0,0.0,0.0,0.0,0.0,0.0,0.0
10.0,50.0,TM Dilshan,3.0,1.0,2.0,1.0,2.0,2.0,1.0,1.0,1.0,2.0,0.0,4.0,1.0,4.0,4.0,2.0,2.0,5.0,0.0,3.0
1.0,11.0,AD Mascarenhas,0.0,0.0,0.0,0.0,0.0,0.0,1.0,1.0,3.0,2.0,0.0,0.0,1.0,0.0,0.0,1.0,0.0,0.0,0.0,1.0
1.0,6.0,Niraj Patel,0.0,1.0,1.0,0.0,0.0,0.0,0.0,0.0,0.0,0.0,1.0,0.0,0.0,0.0,1.0,0.0,0.0,1.0,0.0,0.0
5.0,16.0,LA Pomersbach,0.0,0.0,0.0,1.0,0.0,0.0,1.0,0.0,3.0,0.0,0.0,1.0,1.0,0.0,0.0,1.0,2.0,0.0,0.0,1.0
0.0,1.0,Younis Khan,0.0,0.0,0.0,0.0,0.0,0.0,0.0,0.0,0.0,0.0,0.0,0.0,0.0,0.0,0.0,1.0,0.0,0.0,0.0,0.0
1.0,1.0,PM Sarvesh Kumar,0.0,0.0,0.0,0.0,0.0,0.0,0.0,0.0,0.0,0.0,0.0,0.0,0.0,0.0,0.0,0.0,0.0,0.0,0.0,0.0
1.0,1.0,DP Vijaykumar,0.0,0.0,0.0,0.0,0.0,0.0,0.0,0.0,0.0,0.0,0.0,0.0,0.0,0.0,0.0,0.0,0.0,0.0,0.0,0.0
0.0,1.0,Shoaib Akhtar,0.0,0.0,0.0,0.0,0.0,0.0,0.0,1.0,0.0,0.0,0.0,0.0,0.0,0.0,0.0,0.0,0.0,0.0,0.0,0.0
1.0,1.0,Abdur Razzak,0.0,0.0,0.0,0.0,0.0,0.0,0.0,0.0,0.0,0.0,0.0,0.0,0.0,0.0,0.0,0.0,0.0,0.0,0.0,0.0
0.0,1.0,H Das,0.0,0.0,0.0,0.0,0.0,0.0,0.0,0.0,0.0,0.0,1.0,0.0,0.0,0.0,0.0,0.0,0.0,0.0,0.0,0.0
1.0,8.0,SD Chitnis,0.0,0.0,0.0,0.0,0.0,0.0,1.0,1.0,1.0,0.0,1.0,0.0,3.0,0.0,0.0,0.0,0.0,0.0,0.0,0.0
1.0,2.0,CRD Fernando,0.0,0.0,0.0,0.0,0.0,0.0,0.0,0.0,0.0,0.0,0.0,0.0,1.0,0.0,0.0,0.0,0.0,0.0,0.0,0.0
0.0,1.0,VS Yeligati,0.0,0.0,0.0,0.0,0.0,0.0,0.0,0.0,0.0,0.0,0.0,0.0,1.0,0.0,0.0,0.0,0.0,0.0,0.0,0.0
6.0,13.0,L Balaji,0.0,0.0,0.0,0.0,0.0,0.0,0.0,0.0,1.0,1.0,5.0,0.0,0.0,0.0,0.0,0.0,0.0,0.0,0.0,0.0
0.0,2.0,A Mukund,0.0,0.0,0.0,0.0,0.0,0.0,0.0,0.0,0.0,0.0,0.0,0.0,1.0,0.0,0.0,0.0,0.0,0.0,1.0,0.0
6.0,9.0,RR Powar,0.0,0.0,0.0,0.0,0.0,0.0,0.0,0.0,1.0,0.0,1.0,0.0,1.0,0.0,0.0,0.0,0.0,0.0,0.0,0.0
25.0,73.0,JP Duminy,1.0,1.0,2.0,0.0,6.0,3.0,1.0,5.0,5.0,8.0,5.0,0.0,3.0,1.0,0.0,2.0,2.0,2.0,0.0,1.0
1.0,3.0,A Flintoff,0.0,1.0,0.0,0.0,0.0,0.0,0.0,1.0,0.0,0.0,0.0,0.0,0.0,0.0,0.0,0.0,0.0,0.0,0.0,0.0
2.0,4.0,T Thushara,0.0,0.0,0.0,0.0,0.0,0.0,0.0,0.0,0.0,0.0,0.0,0.0,2.0,0.0,0.0,0.0,0.0,0.0,0.0,0.0
1.0,29.0,JD Ryder,6.0,3.0,0.0,1.0,0.0,0.0,0.0,0.0,0.0,0.0,0.0,1.0,1.0,4.0,6.0,1.0,1.0,3.0,0.0,2.0
7.0,36.0,KP Pietersen,0.0,5.0,4.0,2.0,0.0,2.0,0.0,1.0,1.0,0.0,0.0,1.0,0.0,1.0,0.0,1.0,2.0,3.0,4.0,2.0
1.0,2.0,T Henderson,0.0,0.0,0.0,0.0,0.0,0.0,0.0,0.0,0.0,0.0,0.0,0.0,0.0,0.0,0.0,0.0,0.0,0.0,0.0,1.0
0.0,1.0,Kamran Khan,0.0,0.0,0.0,0.0,0.0,0.0,0.0,1.0,0.0,0.0,0.0,0.0,0.0,0.0,0.0,0.0,0.0,0.0,0.0,0.0
5.0,22.0,RS Bopara,2.0,0.0,0.0,1.0,1.0,0.0,0.0,1.0,3.0,2.0,1.0,1.0,1.0,2.0,0.0,2.0,0.0,2.0,0.0,0.0
0.0,3.0,R Bishnoi,0.0,0.0,0.0,1.0,0.0,0.0,0.0,0.0,1.0,0.0,0.0,0.0,0.0,0.0,0.0,1.0,0.0,0.0,0.0,0.0
1.0,2.0,FH Edwards,0.0,0.0,0.0,0.0,0.0,0.0,0.0,0.0,0.0,0.0,0.0,0.0,1.0,0.0,0.0,0.0,0.0,0.0,0.0,0.0
1.0,23.0,PC Valthaty,1.0,1.0,1.0,0.0,0.0,0.0,1.0,1.0,0.0,0.0,0.0,2.0,0.0,4.0,3.0,4.0,1.0,1.0,1.0,1.0
0.0,7.0,RJ Quiney,0.0,1.0,0.0,0.0,0.0,0.0,0.0,1.0,0.0,0.0,0.0,1.0,0.0,2.0,1.0,1.0,0.0,0.0,0.0,0.0
7.0,16.0,AS Raut,0.0,0.0,0.0,0.0,0.0,1.0,0.0,2.0,2.0,2.0,0.0,0.0,1.0,0.0,0.0,0.0,0.0,1.0,1.0,1.0
0.0,4.0,Yashpal Singh,0.0,0.0,0.0,0.0,0.0,1.0,0.0,0.0,0.0,0.0,1.0,0.0,0.0,0.0,0.0,1.0,0.0,0.0,1.0,0.0
14.0,38.0,M Manhas,1.0,2.0,0.0,1.0,1.0,0.0,2.0,1.0,1.0,1.0,4.0,0.0,4.0,0.0,1.0,0.0,1.0,0.0,3.0,1.0
2.0,7.0,AA Bilakhia,0.0,1.0,0.0,0.0,0.0,0.0,0.0,0.0,0.0,1.0,0.0,0.0,1.0,0.0,0.0,0.0,1.0,0.0,1.0,0.0
0.0,2.0,AN Ghosh,0.0,0.0,0.0,0.0,1.0,0.0,0.0,0.0,0.0,0.0,0.0,0.0,0.0,0.0,0.0,1.0,0.0,0.0,0.0,0.0
1.0,3.0,BAW Mendis,0.0,0.0,0.0,0.0,0.0,0.0,0.0,1.0,0.0,0.0,0.0,0.0,1.0,0.0,0.0,0.0,0.0,0.0,0.0,0.0
9.0,16.0,DL Vettori,0.0,1.0,1.0,1.0,0.0,0.0,2.0,0.0,0.0,1.0,1.0,0.0,0.0,0.0,0.0,0.0,0.0,0.0,0.0,0.0
2.0,5.0,MN van Wyk,0.0,0.0,0.0,0.0,0.0,0.0,1.0,0.0,0.0,0.0,0.0,1.0,1.0,0.0,0.0,0.0,0.0,0.0,0.0,0.0
3.0,15.0,RE van der Merwe,0.0,1.0,0.0,0.0,0.0,1.0,1.0,0.0,2.0,2.0,1.0,0.0,1.0,1.0,1.0,0.0,0.0,0.0,0.0,1.0
9.0,39.0,TL Suman,1.0,2.0,2.0,0.0,1.0,2.0,1.0,1.0,2.0,2.0,0.0,3.0,0.0,2.0,2.0,3.0,4.0,1.0,0.0,1.0
1.0,3.0,Shoaib Ahmed,0.0,0.0,0.0,0.0,0.0,0.0,0.0,0.0,0.0,0.0,1.0,0.0,1.0,0.0,0.0,0.0,0.0,0.0,0.0,0.0
0.0,1.0,GR Napier,0.0,0.0,0.0,0.0,0.0,0.0,0.0,1.0,0.0,0.0,0.0,0.0,0.0,0.0,0.0,0.0,0.0,0.0,0.0,0.0
2.0,3.0,KP Appanna,0.0,0.0,0.0,0.0,0.0,0.0,0.0,0.0,0.0,0.0,0.0,0.0,1.0,0.0,0.0,0.0,0.0,0.0,0.0,0.0
2.0,5.0,LA Carseldine,0.0,1.0,0.0,0.0,0.0,0.0,0.0,0.0,0.0,0.0,0.0,0.0,0.0,0.0,1.0,0.0,0.0,0.0,0.0,1.0
2.0,2.0,SM Harwood,0.0,0.0,0.0,0.0,0.0,0.0,0.0,0.0,0.0,0.0,0.0,0.0,0.0,0.0,0.0,0.0,0.0,0.0,0.0,0.0
11.0,99.0,M Vijay,7.0,2.0,6.0,2.0,5.0,1.0,4.0,1.0,1.0,0.0,1.0,6.0,2.0,12.0,10.0,8.0,6.0,6.0,8.0,3.0
3.0,5.0,SB Jakati,0.0,0.0,0.0,0.0,0.0,0.0,0.0,0.0,0.0,0.0,0.0,0.0,2.0,0.0,0.0,0.0,0.0,0.0,0.0,0.0
9.0,21.0,RJ Harris,0.0,0.0,0.0,0.0,1.0,0.0,0.0,2.0,0.0,2.0,6.0,0.0,1.0,0.0,0.0,0.0,0.0,0.0,0.0,0.0
0.0,1.0,D du Preez,0.0,0.0,0.0,0.0,0.0,0.0,0.0,0.0,0.0,0.0,0.0,0.0,1.0,0.0,0.0,0.0,0.0,0.0,0.0,0.0
9.0,20.0,M Morkel,0.0,0.0,0.0,0.0,0.0,0.0,0.0,3.0,1.0,2.0,0.0,0.0,5.0,0.0,0.0,0.0,0.0,0.0,0.0,0.0
7.0,28.0,J Botha,0.0,0.0,1.0,0.0,0.0,2.0,3.0,1.0,2.0,4.0,3.0,0.0,3.0,0.0,0.0,0.0,1.0,1.0,0.0,1.0
0.0,1.0,C Nanda,0.0,0.0,0.0,0.0,0.0,0.0,0.0,0.0,0.0,0.0,0.0,0.0,1.0,0.0,0.0,0.0,0.0,0.0,0.0,0.0
1.0,1.0,Mashrafe Mortaza,0.0,0.0,0.0,0.0,0.0,0.0,0.0,0.0,0.0,0.0,0.0,0.0,0.0,0.0,0.0,0.0,0.0,0.0,0.0,0.0
1.0,5.0,A Singh,0.0,0.0,0.0,0.0,0.0,0.0,1.0,0.0,1.0,1.0,0.0,0.0,1.0,0.0,0.0,0.0,0.0,0.0,0.0,0.0
10.0,36.0,GJ Bailey,0.0,3.0,1.0,2.0,1.0,2.0,0.0,1.0,0.0,0.0,4.0,0.0,5.0,0.0,0.0,2.0,1.0,3.0,3.0,1.0
4.0,9.0,AB McDonald,0.0,0.0,0.0,1.0,0.0,0.0,0.0,0.0,1.0,0.0,0.0,0.0,2.0,0.0,0.0,0.0,1.0,0.0,0.0,0.0
6.0,20.0,Y Nagar,0.0,0.0,0.0,0.0,0.0,1.0,2.0,0.0,4.0,0.0,3.0,0.0,5.0,0.0,0.0,0.0,0.0,0.0,0.0,0.0
1.0,1.0,SS Shaikh,0.0,0.0,0.0,0.0,0.0,0.0,0.0,0.0,0.0,0.0,0.0,0.0,0.0,0.0,0.0,0.0,0.0,0.0,0.0,0.0
16.0,36.0,R Ashwin,0.0,0.0,0.0,0.0,0.0,1.0,1.0,1.0,2.0,4.0,5.0,0.0,4.0,0.0,0.0,1.0,0.0,1.0,0.0,0.0
0.0,1.0,Mohammad Ashraful,0.0,0.0,0.0,0.0,0.0,0.0,0.0,0.0,0.0,0.0,0.0,0.0,0.0,0.0,0.0,1.0,0.0,0.0,0.0,0.0
4.0,22.0,CA Pujara,0.0,0.0,2.0,0.0,1.0,0.0,0.0,1.0,2.0,0.0,1.0,1.0,1.0,0.0,3.0,5.0,1.0,0.0,0.0,0.0
9.0,22.0,OA Shah,0.0,0.0,0.0,2.0,0.0,0.0,1.0,1.0,0.0,0.0,3.0,0.0,5.0,0.0,0.0,0.0,0.0,1.0,0.0,0.0
0.0,4.0,Anirudh Singh,0.0,0.0,0.0,1.0,0.0,1.0,0.0,1.0,0.0,1.0,0.0,0.0,0.0,0.0,0.0,0.0,0.0,0.0,0.0,0.0
2.0,4.0,Jaskaran Singh,0.0,0.0,0.0,0.0,0.0,0.0,1.0,0.0,0.0,0.0,0.0,0.0,1.0,0.0,0.0,0.0,0.0,0.0,0.0,0.0
8.0,24.0,R Sathish,0.0,0.0,0.0,1.0,1.0,4.0,0.0,0.0,1.0,4.0,1.0,0.0,3.0,1.0,0.0,0.0,0.0,0.0,0.0,0.0
5.0,13.0,R McLaren,0.0,0.0,0.0,0.0,0.0,0.0,2.0,1.0,1.0,0.0,1.0,0.0,3.0,0.0,0.0,0.0,0.0,0.0,0.0,0.0
2.0,15.0,AA Jhunjhunwala,0.0,1.0,1.0,1.0,0.0,0.0,0.0,2.0,1.0,3.0,1.0,0.0,1.0,0.0,0.0,0.0,0.0,0.0,1.0,2.0
2.0,12.0,P Dogra,0.0,0.0,0.0,0.0,0.0,0.0,2.0,0.0,3.0,4.0,2.0,0.0,1.0,0.0,0.0,0.0,0.0,0.0,0.0,0.0
1.0,2.0,A Uniyal,0.0,0.0,0.0,0.0,0.0,0.0,0.0,0.0,0.0,0.0,0.0,0.0,1.0,0.0,0.0,0.0,0.0,0.0,0.0,0.0
3.0,39.0,MS Bisla,4.0,1.0,0.0,0.0,1.0,1.0,3.0,0.0,0.0,0.0,2.0,4.0,0.0,2.0,3.0,4.0,2.0,3.0,4.0,3.0
1.0,1.0,YA Abdulla,0.0,0.0,0.0,0.0,0.0,0.0,0.0,0.0,0.0,0.0,0.0,0.0,0.0,0.0,0.0,0.0,0.0,0.0,0.0,0.0
0.0,2.0,JM Kemp,0.0,1.0,0.0,0.0,0.0,0.0,0.0,0.0,0.0,1.0,0.0,0.0,0.0,0.0,0.0,0.0,0.0,0.0,0.0,0.0
1.0,1.0,S Tyagi,0.0,0.0,0.0,0.0,0.0,0.0,0.0,0.0,0.0,0.0,0.0,0.0,0.0,0.0,0.0,0.0,0.0,0.0,0.0,0.0
0.0,1.0,RS Gavaskar,0.0,0.0,0.0,0.0,1.0,0.0,0.0,0.0,0.0,0.0,0.0,0.0,0.0,0.0,0.0,0.0,0.0,0.0,0.0,0.0
0.0,1.0,SE Bond,0.0,0.0,0.0,0.0,0.0,0.0,1.0,0.0,0.0,0.0,0.0,0.0,0.0,0.0,0.0,0.0,0.0,0.0,0.0,0.0
0.0,2.0,S Ladda,0.0,0.0,0.0,0.0,0.0,1.0,0.0,0.0,0.0,0.0,0.0,0.0,1.0,0.0,0.0,0.0,0.0,0.0,0.0,0.0
1.0,2.0,DP Nannes,0.0,0.0,0.0,0.0,0.0,0.0,0.0,0.0,1.0,0.0,0.0,0.0,0.0,0.0,0.0,0.0,0.0,0.0,0.0,0.0
2.0,12.0,MJ Lumb,3.0,1.0,0.0,0.0,0.0,0.0,0.0,0.0,0.0,0.0,0.0,1.0,0.0,1.0,1.0,0.0,0.0,1.0,2.0,0.0
0.0,1.0,DR Martyn,0.0,0.0,0.0,0.0,0.0,0.0,1.0,0.0,1.0,0.0,0.0,0.0,0.0,0.0,0.0,0.0,0.0,0.0,0.0,0.0
0.0,4.0,S Narwal,0.0,0.0,0.0,0.0,0.0,1.0,0.0,0.0,1.0,0.0,1.0,0.0,1.0,0.0,0.0,0.0,0.0,0.0,0.0,0.0
1.0,3.0,AB Barath,0.0,0.0,2.0,0.0,0.0,0.0,0.0,0.0,0.0,0.0,0.0,0.0,0.0,0.0,0.0,0.0,0.0,0.0,0.0,0.0
2.0,11.0,FY Fazal,1.0,0.0,2.0,0.0,0.0,0.0,0.0,0.0,0.0,1.0,0.0,0.0,2.0,1.0,0.0,1.0,0.0,1.0,0.0,0.0
2.0,7.0,AC Voges,0.0,0.0,1.0,0.0,0.0,1.0,1.0,0.0,0.0,0.0,1.0,0.0,1.0,0.0,0.0,1.0,0.0,0.0,0.0,0.0
2.0,17.0,MD Mishra,2.0,0.0,0.0,0.0,2.0,0.0,0.0,0.0,0.0,1.0,0.0,1.0,0.0,2.0,1.0,1.0,1.0,1.0,0.0,3.0
2.0,4.0,J Theron,0.0,0.0,0.0,0.0,0.0,0.0,0.0,0.0,0.0,1.0,0.0,0.0,1.0,0.0,0.0,0.0,0.0,0.0,0.0,0.0
3.0,4.0,SJ Srivastava,0.0,0.0,0.0,0.0,0.0,0.0,0.0,0.0,0.0,0.0,0.0,0.0,1.0,0.0,0.0,0.0,0.0,0.0,0.0,0.0
8.0,19.0,R Sharma,0.0,0.0,0.0,0.0,0.0,0.0,0.0,0.0,0.0,6.0,3.0,0.0,2.0,0.0,0.0,0.0,0.0,0.0,0.0,0.0
2.0,5.0,SW Tait,0.0,0.0,0.0,0.0,0.0,0.0,1.0,0.0,0.0,1.0,1.0,0.0,0.0,0.0,0.0,0.0,0.0,0.0,0.0,0.0
3.0,8.0,KB Arun Karthik,0.0,0.0,1.0,1.0,1.0,0.0,0.0,0.0,0.0,2.0,0.0,0.0,0.0,0.0,0.0,0.0,0.0,0.0,0.0,0.0
0.0,1.0,KAJ Roach,0.0,0.0,0.0,0.0,0.0,0.0,0.0,0.0,1.0,0.0,0.0,0.0,0.0,0.0,0.0,0.0,0.0,0.0,0.0,0.0
3.0,7.0,PD Collingwood,0.0,0.0,1.0,1.0,0.0,0.0,0.0,0.0,0.0,0.0,0.0,0.0,1.0,0.0,0.0,0.0,0.0,0.0,1.0,0.0
0.0,2.0,CK Langeveldt,0.0,0.0,0.0,0.0,0.0,0.0,0.0,0.0,1.0,0.0,0.0,0.0,1.0,0.0,0.0,0.0,0.0,0.0,0.0,0.0
1.0,2.0,VS Malik,0.0,0.0,0.0,0.0,0.0,0.0,0.0,0.0,0.0,0.0,1.0,0.0,0.0,0.0,0.0,0.0,0.0,0.0,0.0,0.0
1.0,6.0,A Mithun,0.0,0.0,0.0,0.0,1.0,0.0,0.0,1.0,1.0,0.0,1.0,0.0,1.0,0.0,0.0,0.0,0.0,0.0,0.0,0.0
0.0,2.0,AP Dole,0.0,0.0,0.0,0.0,0.0,0.0,0.0,0.0,0.0,0.0,1.0,0.0,1.0,0.0,0.0,0.0,0.0,0.0,0.0,0.0
5.0,6.0,AN Ahmed,0.0,0.0,0.0,0.0,0.0,0.0,0.0,0.0,0.0,0.0,0.0,0.0,1.0,0.0,0.0,0.0,0.0,0.0,0.0,0.0
1.0,1.0,RS Sodhi,0.0,0.0,0.0,0.0,0.0,0.0,0.0,0.0,0.0,0.0,0.0,0.0,0.0,0.0,0.0,0.0,0.0,0.0,0.0,0.0
3.0,4.0,DE Bollinger,0.0,0.0,0.0,0.0,0.0,0.0,0.0,0.0,0.0,0.0,0.0,0.0,1.0,0.0,0.0,0.0,0.0,0.0,0.0,0.0
0.0,2.0,S Sriram,0.0,0.0,0.0,2.0,0.0,0.0,0.0,0.0,0.0,0.0,0.0,0.0,0.0,0.0,0.0,0.0,0.0,0.0,0.0,0.0
3.0,4.0,B Sumanth,0.0,0.0,0.0,0.0,0.0,0.0,0.0,0.0,0.0,1.0,0.0,0.0,0.0,0.0,0.0,0.0,0.0,0.0,0.0,0.0
0.0,1.0,C Madan,0.0,0.0,0.0,0.0,0.0,0.0,0.0,0.0,0.0,0.0,0.0,0.0,0.0,0.0,0.0,0.0,1.0,0.0,0.0,0.0
0.0,5.0,AG Paunikar,0.0,0.0,0.0,0.0,0.0,0.0,0.0,0.0,0.0,0.0,0.0,0.0,0.0,2.0,0.0,2.0,1.0,0.0,0.0,0.0
2.0,14.0,MR Marsh,0.0,0.0,0.0,0.0,0.0,1.0,0.0,2.0,4.0,2.0,2.0,0.0,1.0,0.0,0.0,0.0,0.0,0.0,0.0,0.0
2.0,4.0,Harmeet Singh,0.0,0.0,0.0,0.0,0.0,0.0,0.0,0.0,0.0,0.0,1.0,0.0,1.0,0.0,0.0,0.0,0.0,0.0,0.0,0.0
3.0,9.0,RV Gomez,0.0,0.0,0.0,0.0,0.0,0.0,0.0,0.0,2.0,1.0,1.0,1.0,2.0,0.0,0.0,0.0,0.0,0.0,0.0,0.0
2.0,7.0,AUK Pathan,0.0,0.0,0.0,0.0,0.0,1.0,0.0,0.0,0.0,2.0,0.0,1.0,0.0,0.0,0.0,0.0,0.0,1.0,0.0,0.0
0.0,20.0,UBT Chand,2.0,1.0,3.0,0.0,0.0,0.0,0.0,0.0,2.0,1.0,0.0,2.0,0.0,2.0,0.0,2.0,1.0,1.0,1.0,2.0
0.0,7.0,DJ Jacobs,0.0,0.0,0.0,0.0,0.0,0.0,0.0,0.0,0.0,0.0,0.0,2.0,0.0,1.0,1.0,1.0,1.0,0.0,0.0,1.0
1.0,5.0,Sunny Singh,0.0,0.0,0.0,0.0,0.0,1.0,0.0,0.0,0.0,0.0,0.0,0.0,1.0,0.0,0.0,0.0,1.0,0.0,1.0,0.0
1.0,1.0,NJ Rimmington,0.0,0.0,0.0,0.0,0.0,0.0,0.0,0.0,0.0,0.0,0.0,0.0,0.0,0.0,0.0,0.0,0.0,0.0,0.0,0.0
2.0,23.0,AL Menaria,0.0,1.0,2.0,2.0,2.0,3.0,1.0,2.0,0.0,3.0,4.0,0.0,1.0,0.0,0.0,0.0,0.0,0.0,1.0,0.0
3.0,12.0,WD Parnell,0.0,0.0,0.0,0.0,0.0,0.0,0.0,2.0,0.0,0.0,5.0,0.0,1.0,0.0,0.0,1.0,0.0,0.0,0.0,0.0
1.0,3.0,JJ van der Wath,0.0,0.0,0.0,0.0,0.0,0.0,1.0,0.0,1.0,0.0,0.0,0.0,0.0,0.0,0.0,0.0,0.0,0.0,0.0,0.0
0.0,1.0,R Ninan,0.0,0.0,0.0,0.0,0.0,0.0,0.0,0.0,0.0,0.0,0.0,0.0,1.0,0.0,0.0,0.0,0.0,0.0,0.0,0.0
0.0,3.0,MS Wade,0.0,1.0,0.0,0.0,0.0,1.0,0.0,0.0,0.0,0.0,0.0,0.0,0.0,0.0,0.0,0.0,0.0,0.0,0.0,1.0
0.0,2.0,TD Paine,0.0,0.0,0.0,0.0,0.0,0.0,0.0,0.0,0.0,0.0,0.0,0.0,0.0,0.0,0.0,1.0,1.0,0.0,0.0,0.0
0.0,2.0,SB Wagh,0.0,0.0,0.0,0.0,0.0,0.0,0.0,0.0,1.0,0.0,0.0,0.0,1.0,0.0,0.0,0.0,0.0,0.0,0.0,0.0
2.0,4.0,AC Thomas,0.0,0.0,0.0,0.0,0.0,0.0,0.0,0.0,0.0,1.0,0.0,0.0,1.0,0.0,0.0,0.0,0.0,0.0,0.0,0.0
5.0,16.0,JEC Franklin,0.0,0.0,0.0,0.0,0.0,1.0,1.0,0.0,1.0,1.0,2.0,2.0,0.0,1.0,0.0,0.0,0.0,0.0,2.0,0.0
8.0,17.0,DH Yagnik,0.0,1.0,0.0,0.0,2.0,1.0,0.0,1.0,1.0,0.0,1.0,0.0,1.0,0.0,0.0,0.0,0.0,0.0,1.0,0.0
0.0,1.0,S Randiv,0.0,0.0,0.0,0.0,0.0,0.0,0.0,0.0,0.0,0.0,1.0,0.0,0.0,0.0,0.0,0.0,0.0,0.0,0.0,0.0
0.0,1.0,BJ Haddin,0.0,0.0,0.0,0.0,0.0,0.0,0.0,0.0,0.0,0.0,0.0,0.0,0.0,0.0,0.0,1.0,0.0,0.0,0.0,0.0
6.0,30.0,NLTC Perera,0.0,1.0,3.0,0.0,1.0,1.0,1.0,2.0,2.0,6.0,4.0,0.0,2.0,0.0,0.0,1.0,0.0,0.0,0.0,0.0
1.0,2.0,NL McCullum,0.0,0.0,0.0,0.0,0.0,0.0,0.0,0.0,0.0,0.0,1.0,0.0,2.0,0.0,0.0,0.0,0.0,0.0,0.0,0.0
2.0,2.0,JE Taylor,0.0,0.0,0.0,0.0,0.0,0.0,0.0,0.0,0.0,0.0,0.0,0.0,0.0,0.0,0.0,0.0,0.0,0.0,0.0,0.0
3.0,5.0,J Syed Mohammad,0.0,0.0,0.0,0.0,0.0,1.0,0.0,0.0,0.0,0.0,1.0,0.0,0.0,0.0,0.0,0.0,0.0,0.0,0.0,0.0
5.0,21.0,RN ten Doeschate,0.0,2.0,0.0,0.0,0.0,0.0,1.0,2.0,3.0,1.0,4.0,0.0,2.0,0.0,0.0,0.0,0.0,0.0,1.0,1.0
0.0,5.0,TR Birt,0.0,0.0,1.0,0.0,0.0,1.0,0.0,0.0,0.0,1.0,2.0,0.0,0.0,0.0,0.0,0.0,0.0,0.0,0.0,0.0
2.0,3.0,AG Murtaza,0.0,0.0,0.0,0.0,0.0,0.0,0.0,0.0,0.0,0.0,0.0,0.0,1.0,0.0,0.0,0.0,0.0,0.0,0.0,0.0
1.0,3.0,Harpreet Singh,0.0,0.0,0.0,0.0,0.0,0.0,0.0,0.0,0.0,1.0,1.0,0.0,0.0,0.0,0.0,0.0,0.0,0.0,0.0,0.0
0.0,4.0,M Klinger,0.0,0.0,0.0,1.0,0.0,0.0,0.0,0.0,0.0,0.0,0.0,1.0,0.0,0.0,0.0,0.0,0.0,0.0,1.0,1.0
0.0,7.0,AC Blizzard,1.0,0.0,0.0,0.0,0.0,0.0,0.0,0.0,0.0,0.0,0.0,0.0,0.0,2.0,1.0,1.0,0.0,1.0,1.0,0.0
1.0,1.0,I Malhotra,0.0,0.0,0.0,0.0,0.0,0.0,0.0,0.0,0.0,0.0,0.0,0.0,0.0,0.0,0.0,0.0,0.0,0.0,0.0,0.0
1.0,1.0,L Ablish,0.0,0.0,0.0,0.0,0.0,0.0,0.0,0.0,0.0,0.0,0.0,0.0,0.0,0.0,0.0,0.0,0.0,0.0,0.0,0.0
1.0,3.0,CA Ingram,0.0,0.0,0.0,0.0,0.0,0.0,0.0,0.0,0.0,0.0,0.0,1.0,0.0,0.0,0.0,0.0,0.0,0.0,1.0,0.0
2.0,2.0,P Parameswaran,0.0,0.0,0.0,0.0,0.0,0.0,0.0,0.0,0.0,0.0,0.0,0.0,0.0,0.0,0.0,0.0,0.0,0.0,0.0,0.0
2.0,8.0,CJ Ferguson,0.0,0.0,1.0,1.0,0.0,0.0,0.0,0.0,2.0,0.0,0.0,0.0,0.0,0.0,0.0,0.0,0.0,0.0,0.0,2.0
2.0,3.0,AA Chavan,0.0,0.0,0.0,0.0,0.0,0.0,0.0,0.0,0.0,1.0,0.0,0.0,0.0,0.0,0.0,0.0,0.0,0.0,0.0,0.0
0.0,1.0,ND Doshi,0.0,0.0,0.0,0.0,0.0,0.0,0.0,0.0,0.0,0.0,1.0,0.0,0.0,0.0,0.0,0.0,0.0,0.0,0.0,0.0
0.0,1.0,Y Gnaneswara Rao,0.0,0.0,0.0,0.0,0.0,0.0,0.0,0.0,0.0,0.0,0.0,0.0,0.0,0.0,0.0,0.0,0.0,1.0,0.0,0.0
3.0,8.0,S Rana,0.0,0.0,0.0,0.0,0.0,0.0,0.0,0.0,0.0,0.0,0.0,0.0,3.0,0.0,0.0,0.0,1.0,1.0,0.0,0.0
2.0,2.0,BA Bhatt,0.0,0.0,0.0,0.0,0.0,0.0,0.0,0.0,0.0,0.0,0.0,0.0,0.0,0.0,0.0,0.0,0.0,0.0,0.0,0.0
0.0,6.0,RE Levi,2.0,0.0,0.0,0.0,0.0,0.0,0.0,0.0,0.0,0.0,0.0,0.0,0.0,0.0,2.0,0.0,0.0,0.0,1.0,1.0
3.0,12.0,KK Cooper,0.0,0.0,1.0,0.0,0.0,0.0,0.0,2.0,2.0,1.0,0.0,0.0,2.0,0.0,0.0,0.0,0.0,0.0,1.0,0.0
4.0,12.0,HV Patel,0.0,0.0,0.0,0.0,0.0,0.0,0.0,0.0,3.0,2.0,1.0,0.0,2.0,0.0,0.0,0.0,0.0,0.0,0.0,0.0
1.0,1.0,DAJ Bracewell,0.0,0.0,0.0,0.0,0.0,0.0,0.0,0.0,0.0,0.0,0.0,0.0,0.0,0.0,0.0,0.0,0.0,0.0,0.0,0.0
1.0,4.0,DJ Harris,0.0,0.0,1.0,0.0,0.0,0.0,0.0,0.0,0.0,0.0,0.0,0.0,0.0,0.0,1.0,1.0,0.0,0.0,0.0,0.0
2.0,4.0,GB Hogg,0.0,0.0,0.0,0.0,0.0,0.0,0.0,0.0,0.0,0.0,0.0,0.0,2.0,0.0,0.0,0.0,0.0,0.0,0.0,0.0
0.0,1.0,RR Bhatkal,0.0,0.0,0.0,0.0,0.0,0.0,0.0,0.0,0.0,0.0,0.0,0.0,2.0,0.0,0.0,0.0,0.0,0.0,0.0,0.0
0.0,1.0,CJ McKay,0.0,0.0,0.0,0.0,0.0,0.0,1.0,0.0,0.0,0.0,0.0,0.0,0.0,0.0,0.0,0.0,0.0,0.0,0.0,0.0
0.0,10.0,N Saini,0.0,0.0,0.0,0.0,0.0,0.0,0.0,0.0,1.0,0.0,1.0,0.0,1.0,2.0,0.0,0.0,1.0,1.0,3.0,1.0
2.0,21.0,Azhar Mahmood,0.0,0.0,0.0,3.0,1.0,1.0,2.0,1.0,3.0,5.0,2.0,1.0,0.0,0.0,0.0,0.0,0.0,0.0,0.0,0.0
2.0,5.0,RJ Peterson,0.0,0.0,0.0,0.0,0.0,1.0,0.0,0.0,1.0,0.0,1.0,0.0,0.0,0.0,0.0,0.0,0.0,0.0,0.0,0.0
1.0,1.0,KMDN Kulasekara,0.0,0.0,0.0,0.0,0.0,0.0,0.0,0.0,0.0,0.0,0.0,0.0,0.0,0.0,0.0,0.0,0.0,0.0,0.0,0.0
8.0,23.0,A Ashish Reddy,0.0,0.0,0.0,0.0,0.0,0.0,0.0,3.0,2.0,2.0,1.0,0.0,6.0,0.0,0.0,0.0,1.0,0.0,0.0,0.0
0.0,1.0,V Pratap Singh,0.0,0.0,0.0,0.0,0.0,0.0,0.0,0.0,0.0,0.0,1.0,0.0,0.0,0.0,0.0,0.0,0.0,0.0,0.0,0.0
3.0,8.0,BB Samantray,0.0,0.0,0.0,0.0,0.0,0.0,1.0,0.0,1.0,0.0,1.0,0.0,1.0,0.0,0.0,0.0,0.0,0.0,1.0,0.0
0.0,6.0,MJ Clarke,0.0,0.0,0.0,1.0,0.0,0.0,0.0,0.0,0.0,0.0,0.0,1.0,0.0,0.0,1.0,0.0,0.0,1.0,1.0,1.0
3.0,24.0,Gurkeerat Singh,0.0,2.0,1.0,0.0,1.0,0.0,2.0,1.0,1.0,4.0,2.0,0.0,5.0,0.0,0.0,0.0,0.0,0.0,1.0,3.0
0.0,4.0,AP Majumdar,0.0,0.0,0.0,1.0,0.0,0.0,1.0,1.0,0.0,0.0,0.0,0.0,0.0,0.0,0.0,1.0,0.0,0.0,0.0,0.0
0.0,10.0,PA Reddy,1.0,0.0,0.0,1.0,1.0,0.0,0.0,0.0,1.0,0.0,0.0,1.0,0.0,2.0,1.0,0.0,0.0,0.0,1.0,1.0
2.0,2.0,K Upadhyay,0.0,0.0,0.0,0.0,0.0,0.0,0.0,0.0,0.0,0.0,0.0,0.0,0.0,0.0,0.0,0.0,0.0,0.0,0.0,0.0
2.0,5.0,P Awana,0.0,0.0,0.0,0.0,0.0,0.0,0.0,0.0,0.0,0.0,1.0,0.0,2.0,0.0,0.0,0.0,0.0,0.0,0.0,0.0
5.0,25.0,AD Russell,0.0,0.0,0.0,2.0,0.0,2.0,2.0,1.0,3.0,6.0,0.0,0.0,3.0,0.0,0.0,0.0,0.0,0.0,0.0,1.0
1.0,2.0,A Chandila,0.0,0.0,0.0,0.0,0.0,0.0,0.0,0.0,0.0,0.0,0.0,0.0,1.0,0.0,0.0,0.0,0.0,0.0,0.0,0.0
0.0,1.0,Sunny Gupta,0.0,0.0,0.0,0.0,0.0,0.0,0.0,1.0,0.0,0.0,0.0,0.0,0.0,0.0,0.0,0.0,0.0,0.0,0.0,0.0
0.0,7.0,MC Juneja,0.0,0.0,0.0,1.0,0.0,2.0,0.0,0.0,0.0,2.0,0.0,1.0,0.0,0.0,0.0,0.0,0.0,0.0,0.0,1.0
3.0,21.0,GH Vihari,0.0,0.0,1.0,2.0,0.0,0.0,1.0,1.0,1.0,1.0,3.0,0.0,2.0,1.0,0.0,1.0,2.0,1.0,1.0,0.0
0.0,2.0,MDKJ Perera,1.0,0.0,0.0,0.0,0.0,0.0,0.0,0.0,0.0,0.0,0.0,0.0,0.0,1.0,0.0,0.0,0.0,0.0,0.0,0.0
2.0,4.0,R Shukla,0.0,0.0,0.0,0.0,0.0,0.0,0.0,0.0,0.0,0.0,1.0,0.0,1.0,0.0,0.0,0.0,0.0,0.0,0.0,0.0
1.0,2.0,B Laughlin,0.0,0.0,0.0,0.0,0.0,0.0,0.0,0.0,0.0,1.0,0.0,0.0,0.0,0.0,0.0,0.0,0.0,0.0,0.0,0.0
0.0,3.0,BMAJ Mendis,0.0,0.0,1.0,1.0,0.0,0.0,1.0,0.0,0.0,0.0,0.0,0.0,0.0,0.0,0.0,0.0,0.0,0.0,0.0,0.0
2.0,7.0,R Rampaul,0.0,0.0,0.0,0.0,0.0,0.0,1.0,0.0,0.0,1.0,2.0,0.0,1.0,0.0,0.0,0.0,0.0,0.0,0.0,0.0
3.0,4.0,SMSM Senanayake,0.0,0.0,0.0,0.0,0.0,0.0,0.0,0.0,0.0,0.0,0.0,0.0,1.0,0.0,0.0,0.0,0.0,0.0,0.0,0.0
2.0,8.0,BJ Rohrer,1.0,2.0,0.0,0.0,0.0,1.0,2.0,0.0,0.0,0.0,0.0,0.0,1.0,0.0,0.0,0.0,0.0,0.0,0.0,0.0
5.0,30.0,KL Rahul,0.0,2.0,2.0,2.0,3.0,0.0,2.0,1.0,1.0,1.0,0.0,0.0,2.0,1.0,4.0,1.0,2.0,0.0,1.0,1.0
2.0,26.0,Q de Kock,3.0,3.0,0.0,2.0,0.0,0.0,1.0,0.0,1.0,0.0,1.0,4.0,0.0,5.0,1.0,0.0,0.0,1.0,2.0,1.0
9.0,16.0,R Dhawan,0.0,0.0,0.0,0.0,0.0,1.0,0.0,0.0,2.0,2.0,2.0,0.0,0.0,0.0,0.0,0.0,0.0,0.0,0.0,0.0
1.0,5.0,LJ Wright,0.0,0.0,0.0,0.0,0.0,0.0,0.0,0.0,0.0,1.0,0.0,0.0,2.0,0.0,0.0,0.0,1.0,0.0,0.0,0.0
0.0,1.0,IC Pandey,0.0,0.0,0.0,0.0,0.0,0.0,0.0,0.0,0.0,0.0,0.0,0.0,1.0,0.0,0.0,0.0,0.0,0.0,0.0,0.0
4.0,13.0,CM Gautam,0.0,1.0,0.0,0.0,0.0,0.0,0.0,0.0,1.0,0.0,0.0,1.0,1.0,4.0,0.0,0.0,0.0,0.0,0.0,1.0
0.0,1.0,X Thalaivan Sargunam,0.0,0.0,0.0,0.0,0.0,0.0,0.0,1.0,0.0,0.0,0.0,0.0,0.0,0.0,0.0,0.0,0.0,0.0,0.0,0.0
5.0,20.0,DJG Sammy,0.0,0.0,0.0,0.0,0.0,1.0,1.0,2.0,1.0,3.0,3.0,0.0,2.0,0.0,0.0,0.0,0.0,0.0,0.0,2.0
1.0,4.0,KW Richardson,0.0,0.0,0.0,0.0,0.0,0.0,0.0,0.0,0.0,2.0,1.0,0.0,0.0,0.0,0.0,0.0,0.0,0.0,0.0,0.0
0.0,1.0,UA Birla,0.0,0.0,0.0,0.0,0.0,0.0,0.0,0.0,0.0,0.0,0.0,0.0,0.0,0.0,0.0,0.0,0.0,0.0,1.0,0.0
2.0,4.0,Parvez Rasool,0.0,0.0,0.0,0.0,0.0,0.0,0.0,0.0,0.0,0.0,0.0,0.0,2.0,0.0,0.0,0.0,0.0,0.0,0.0,0.0
5.0,6.0,PV Tambe,0.0,0.0,0.0,0.0,0.0,0.0,0.0,0.0,0.0,0.0,0.0,0.0,1.0,0.0,0.0,0.0,0.0,0.0,0.0,0.0
0.0,3.0,NJ Maddinson,0.0,0.0,0.0,0.0,0.0,0.0,0.0,0.0,0.0,0.0,0.0,1.0,0.0,2.0,0.0,0.0,0.0,0.0,0.0,0.0
0.0,3.0,JDS Neesham,0.0,0.0,0.0,0.0,0.0,1.0,0.0,0.0,1.0,0.0,0.0,0.0,1.0,0.0,0.0,0.0,0.0,0.0,0.0,0.0
5.0,11.0,MA Starc,0.0,0.0,0.0,0.0,0.0,1.0,0.0,0.0,1.0,0.0,1.0,0.0,3.0,0.0,0.0,0.0,0.0,0.0,0.0,0.0
0.0,3.0,BR Dunk,1.0,0.0,0.0,0.0,0.0,0.0,0.0,0.0,0.0,0.0,0.0,0.0,0.0,0.0,1.0,0.0,1.0,0.0,0.0,0.0
0.0,5.0,RR Rossouw,1.0,0.0,1.0,0.0,0.0,1.0,0.0,1.0,0.0,0.0,1.0,0.0,0.0,0.0,1.0,0.0,0.0,0.0,0.0,0.0
1.0,2.0,Shivam Sharma,0.0,0.0,0.0,0.0,0.0,0.0,0.0,0.0,0.0,0.0,0.0,0.0,1.0,0.0,0.0,0.0,0.0,0.0,0.0,0.0
0.0,2.0,VH Zol,0.0,0.0,0.0,0.0,0.0,0.0,0.0,0.0,0.0,0.0,0.0,0.0,0.0,0.0,0.0,0.0,1.0,0.0,0.0,1.0
1.0,2.0,BE Hendricks,0.0,0.0,0.0,0.0,0.0,0.0,0.0,0.0,0.0,0.0,0.0,0.0,1.0,0.0,0.0,0.0,0.0,0.0,0.0,0.0
1.0,3.0,S Gopal,0.0,0.0,1.0,0.0,0.0,0.0,0.0,0.0,0.0,0.0,1.0,0.0,0.0,0.0,0.0,0.0,0.0,0.0,0.0,0.0
0.0,1.0,M de Lange,0.0,0.0,0.0,0.0,0.0,0.0,0.0,0.0,0.0,0.0,1.0,0.0,0.0,0.0,0.0,0.0,0.0,0.0,0.0,0.0
0.0,5.0,JO Holder,0.0,0.0,0.0,0.0,0.0,0.0,0.0,0.0,1.0,1.0,0.0,0.0,3.0,0.0,0.0,0.0,0.0,0.0,0.0,0.0
3.0,4.0,Karanveer Singh,0.0,0.0,1.0,0.0,0.0,0.0,0.0,0.0,0.0,0.0,0.0,0.0,0.0,0.0,0.0,0.0,0.0,0.0,0.0,0.0
1.0,2.0,SA Abbott,0.0,0.0,0.0,0.0,0.0,0.0,0.0,0.0,0.0,0.0,1.0,0.0,0.0,0.0,0.0,0.0,0.0,0.0,0.0,0.0
4.0,5.0,J Suchith,0.0,0.0,0.0,0.0,0.0,0.0,0.0,0.0,0.0,0.0,0.0,0.0,1.0,0.0,0.0,0.0,0.0,0.0,0.0,0.0
1.0,1.0,RG More,0.0,0.0,0.0,0.0,0.0,0.0,0.0,0.0,0.0,0.0,0.0,0.0,0.0,0.0,0.0,0.0,0.0,0.0,0.0,0.0
3.0,8.0,D Wiese,0.0,0.0,0.0,0.0,0.0,0.0,0.0,0.0,0.0,0.0,2.0,0.0,3.0,0.0,0.0,0.0,0.0,0.0,0.0,0.0
4.0,11.0,SN Khan,0.0,1.0,0.0,0.0,0.0,1.0,0.0,0.0,3.0,0.0,0.0,0.0,3.0,0.0,0.0,0.0,0.0,0.0,0.0,0.0
0.0,1.0,DJ Muthuswami,0.0,0.0,0.0,0.0,0.0,0.0,0.0,0.0,0.0,0.0,1.0,0.0,0.0,0.0,0.0,0.0,0.0,0.0,0.0,0.0
2.0,3.0,C Munro,0.0,0.0,0.0,0.0,0.0,0.0,0.0,0.0,0.0,0.0,0.0,0.0,0.0,0.0,0.0,0.0,1.0,0.0,0.0,0.0
2.0,2.0,P Sahu,0.0,0.0,0.0,0.0,0.0,0.0,0.0,0.0,0.0,0.0,0.0,0.0,0.0,0.0,0.0,0.0,0.0,0.0,0.0,0.0
2.0,3.0,KJ Abbott,0.0,0.0,0.0,0.0,0.0,0.0,0.0,0.0,0.0,0.0,0.0,0.0,0.0,0.0,0.0,0.0,0.0,0.0,0.0,1.0
0.0,1.0,M Ashwin,0.0,0.0,0.0,0.0,0.0,0.0,0.0,0.0,0.0,0.0,0.0,0.0,1.0,0.0,0.0,0.0,0.0,0.0,0.0,0.0
0.0,2.0,NS Naik,0.0,0.0,0.0,0.0,0.0,0.0,0.0,0.0,0.0,1.0,0.0,0.0,1.0,0.0,0.0,0.0,0.0,0.0,0.0,0.0
0.0,1.0,PSP Handscomb,0.0,0.0,0.0,0.0,1.0,0.0,0.0,0.0,0.0,0.0,0.0,0.0,0.0,0.0,0.0,0.0,0.0,0.0,0.0,0.0
2.0,2.0,J Yadav,0.0,0.0,0.0,0.0,0.0,0.0,0.0,0.0,0.0,0.0,0.0,0.0,0.0,0.0,0.0,0.0,0.0,0.0,0.0,0.0
1.0,6.0,UT Khawaja,0.0,0.0,0.0,1.0,0.0,0.0,0.0,0.0,0.0,0.0,0.0,0.0,0.0,0.0,2.0,1.0,0.0,0.0,0.0,1.0
1.0,3.0,F Behardien,0.0,0.0,0.0,0.0,0.0,0.0,0.0,0.0,0.0,0.0,1.0,0.0,0.0,0.0,0.0,0.0,0.0,0.0,0.0,1.0
3.0,3.0,BB Sran,0.0,0.0,0.0,0.0,0.0,0.0,0.0,0.0,0.0,0.0,0.0,0.0,0.0,0.0,0.0,0.0,0.0,0.0,0.0,0.0
0.0,1.0,S Kaushik,0.0,0.0,0.0,0.0,0.0,0.0,0.0,0.0,0.0,0.0,1.0,0.0,0.0,0.0,0.0,0.0,0.0,0.0,0.0,0.0
0.0,2.0,ER Dwivedi,1.0,0.0,0.0,0.0,0.0,0.0,0.0,0.0,0.0,0.0,1.0,0.0,0.0,0.0,0.0,0.0,0.0,0.0,0.0,0.0
